tau,window,target_lag,stale_lag_1,stale_lag_2,target_in_window,stale_1_in_window,stale_2_in_window,n_stale_in_window,competitor_in_window,unrelated_in_window,target_mass,stale_mass,competitor_mass,unrelated_mass,total_mass,target_mass_open_window,stale_mass_open_window,stale_clipped_fraction,target_share,stale_leakage,target_stale_ratio,top1_neuron,top1_correct,regime
1.0,3.0,8.0,60.0,95.0,false,false,false,0,true,false,0.0,0.0,0.0246255,0.0,0.0246255,0.000335463,8.756509e-27,1.0,0.0,0.0,NaN,2,false,window_clipped
1.0,3.601,8.0,60.0,95.0,false,false,false,0,true,false,0.0,0.0,0.0246255,0.0,0.0246255,0.000335463,8.756509e-27,1.0,0.0,0.0,NaN,2,false,window_clipped
1.0,4.322,8.0,60.0,95.0,false,false,false,0,true,false,0.0,0.0,0.0246255,0.0,0.0246255,0.000335463,8.756509e-27,1.0,0.0,0.0,NaN,2,false,window_clipped
1.0,5.188,8.0,60.0,95.0,false,false,false,0,true,false,0.0,0.0,0.0246255,0.0,0.0246255,0.000335463,8.756509e-27,1.0,0.0,0.0,NaN,2,false,window_clipped
1.0,6.227,8.0,60.0,95.0,false,false,false,0,true,false,0.0,0.0,0.0246255,0.0,0.0246255,0.000335463,8.756509e-27,1.0,0.0,0.0,NaN,2,false,window_clipped
1.0,7.475,8.0,60.0,95.0,false,false,false,0,true,false,0.0,0.0,0.0246255,0.0,0.0246255,0.000335463,8.756509e-27,1.0,0.0,0.0,NaN,2,false,window_clipped
1.0,8.972,8.0,60.0,95.0,true,false,false,0,true,false,0.000335463,0.0,0.0246255,0.0,0.024961,0.000335463,8.756509e-27,1.0,0.0134395,0.0,Inf,2,false,decay_starved
1.0,10.77,8.0,60.0,95.0,true,false,false,0,true,false,0.000335463,0.0,0.0246255,0.0,0.024961,0.000335463,8.756509e-27,1.0,0.0134395,0.0,Inf,2,false,decay_starved
1.0,12.93,8.0,60.0,95.0,true,false,false,0,true,false,0.000335463,0.0,0.0246255,0.0,0.024961,0.000335463,8.756509e-27,1.0,0.0134395,0.0,Inf,2,false,decay_starved
1.0,15.52,8.0,60.0,95.0,true,false,false,0,true,false,0.000335463,0.0,0.0246255,0.0,0.024961,0.000335463,8.756509e-27,1.0,0.0134395,0.0,Inf,2,false,decay_starved
1.0,18.62,8.0,60.0,95.0,true,false,false,0,true,false,0.000335463,0.0,0.0246255,0.0,0.024961,0.000335463,8.756509e-27,1.0,0.0134395,0.0,Inf,2,false,decay_starved
1.0,22.35,8.0,60.0,95.0,true,false,false,0,true,false,0.000335463,0.0,0.0246255,0.0,0.024961,0.000335463,8.756509e-27,1.0,0.0134395,0.0,Inf,2,false,decay_starved
1.0,26.83,8.0,60.0,95.0,true,false,false,0,true,false,0.000335463,0.0,0.0246255,0.0,0.024961,0.000335463,8.756509e-27,1.0,0.0134395,0.0,Inf,2,false,decay_starved
1.0,32.21,8.0,60.0,95.0,true,false,false,0,true,false,0.000335463,0.0,0.0246255,0.0,0.024961,0.000335463,8.756509e-27,1.0,0.0134395,0.0,Inf,2,false,decay_starved
1.0,38.66,8.0,60.0,95.0,true,false,false,0,true,false,0.000335463,0.0,0.0246255,0.0,0.024961,0.000335463,8.756509e-27,1.0,0.0134395,0.0,Inf,2,false,decay_starved
1.0,46.4,8.0,60.0,95.0,true,false,false,0,true,false,0.000335463,0.0,0.0246255,0.0,0.024961,0.000335463,8.756509e-27,1.0,0.0134395,0.0,Inf,2,false,decay_starved
1.0,55.7,8.0,60.0,95.0,true,false,false,0,true,false,0.000335463,0.0,0.0246255,0.0,0.024961,0.000335463,8.756509e-27,1.0,0.0134395,0.0,Inf,2,false,decay_starved
1.0,66.86,8.0,60.0,95.0,true,true,false,1,true,false,0.000335463,8.756509e-27,0.0246255,0.0,0.024961,0.000335463,8.756509e-27,0.0,0.0134395,2.6102802e-23,3.83101e22,2,false,decay_starved
1.0,80.25,8.0,60.0,95.0,true,true,false,1,true,false,0.000335463,8.756509e-27,0.0246255,0.0,0.024961,0.000335463,8.756509e-27,0.0,0.0134395,2.6102802e-23,3.83101e22,2,false,decay_starved
1.0,96.32,8.0,60.0,95.0,true,true,true,2,true,false,0.000335463,8.756509e-27,0.0246255,0.0,0.024961,0.000335463,8.756509e-27,0.0,0.0134395,2.6102802e-23,3.83101e22,2,false,decay_starved
1.0,115.6,8.0,60.0,95.0,true,true,true,2,true,false,0.000335463,8.756509e-27,0.0246255,0.0,0.024961,0.000335463,8.756509e-27,0.0,0.0134395,2.6102802e-23,3.83101e22,2,false,decay_starved
1.0,138.8,8.0,60.0,95.0,true,true,true,2,true,false,0.000335463,8.756509e-27,0.0246255,0.0,0.024961,0.000335463,8.756509e-27,0.0,0.0134395,2.6102802e-23,3.83101e22,2,false,decay_starved
1.0,166.6,8.0,60.0,95.0,true,true,true,2,true,true,0.000335463,8.756509e-27,0.0246255,0.0,0.024961,0.000335463,8.756509e-27,0.0,0.0134395,2.6102802e-23,3.83101e22,2,false,decay_starved
1.0,199.9,8.0,60.0,95.0,true,true,true,2,true,true,0.000335463,8.756509e-27,0.0246255,0.0,0.024961,0.000335463,8.756509e-27,0.0,0.0134395,2.6102802e-23,3.83101e22,2,false,decay_starved
1.0,240.0,8.0,60.0,95.0,true,true,true,2,true,true,0.000335463,8.756509e-27,0.0246255,0.0,0.024961,0.000335463,8.756509e-27,0.0,0.0134395,2.6102802e-23,3.83101e22,2,false,decay_starved
1.268,3.0,8.0,60.0,95.0,false,false,false,0,true,false,0.0,0.0,0.0417698,0.0,0.0417698,0.00181958,2.81701e-21,1.0,0.0,0.0,NaN,2,false,window_clipped
1.268,3.601,8.0,60.0,95.0,false,false,false,0,true,false,0.0,0.0,0.0417698,0.0,0.0417698,0.00181958,2.81701e-21,1.0,0.0,0.0,NaN,2,false,window_clipped
1.268,4.322,8.0,60.0,95.0,false,false,false,0,true,false,0.0,0.0,0.0417698,0.0,0.0417698,0.00181958,2.81701e-21,1.0,0.0,0.0,NaN,2,false,window_clipped
1.268,5.188,8.0,60.0,95.0,false,false,false,0,true,false,0.0,0.0,0.0417698,0.0,0.0417698,0.00181958,2.81701e-21,1.0,0.0,0.0,NaN,2,false,window_clipped
1.268,6.227,8.0,60.0,95.0,false,false,false,0,true,false,0.0,0.0,0.0417698,0.0,0.0417698,0.00181958,2.81701e-21,1.0,0.0,0.0,NaN,2,false,window_clipped
1.268,7.475,8.0,60.0,95.0,false,false,false,0,true,false,0.0,0.0,0.0417698,0.0,0.0417698,0.00181958,2.81701e-21,1.0,0.0,0.0,NaN,2,false,window_clipped
1.268,8.972,8.0,60.0,95.0,true,false,false,0,true,false,0.00181958,0.0,0.0417698,0.0,0.0435894,0.00181958,2.81701e-21,1.0,0.0417437,0.0,Inf,2,false,decay_starved
1.268,10.77,8.0,60.0,95.0,true,false,false,0,true,false,0.00181958,0.0,0.0417698,0.0,0.0435894,0.00181958,2.81701e-21,1.0,0.0417437,0.0,Inf,2,false,decay_starved
1.268,12.93,8.0,60.0,95.0,true,false,false,0,true,false,0.00181958,0.0,0.0417698,0.0,0.0435894,0.00181958,2.81701e-21,1.0,0.0417437,0.0,Inf,2,false,decay_starved
1.268,15.52,8.0,60.0,95.0,true,false,false,0,true,false,0.00181958,0.0,0.0417698,0.0,0.0435894,0.00181958,2.81701e-21,1.0,0.0417437,0.0,Inf,2,false,decay_starved
1.268,18.62,8.0,60.0,95.0,true,false,false,0,true,false,0.00181958,0.0,0.0417698,0.0,0.0435894,0.00181958,2.81701e-21,1.0,0.0417437,0.0,Inf,2,false,decay_starved
1.268,22.35,8.0,60.0,95.0,true,false,false,0,true,false,0.00181958,0.0,0.0417698,0.0,0.0435894,0.00181958,2.81701e-21,1.0,0.0417437,0.0,Inf,2,false,decay_starved
1.268,26.83,8.0,60.0,95.0,true,false,false,0,true,false,0.00181958,0.0,0.0417698,0.0,0.0435894,0.00181958,2.81701e-21,1.0,0.0417437,0.0,Inf,2,false,decay_starved
1.268,32.21,8.0,60.0,95.0,true,false,false,0,true,false,0.00181958,0.0,0.0417698,0.0,0.0435894,0.00181958,2.81701e-21,1.0,0.0417437,0.0,Inf,2,false,decay_starved
1.268,38.66,8.0,60.0,95.0,true,false,false,0,true,false,0.00181958,0.0,0.0417698,0.0,0.0435894,0.00181958,2.81701e-21,1.0,0.0417437,0.0,Inf,2,false,decay_starved
1.268,46.4,8.0,60.0,95.0,true,false,false,0,true,false,0.00181958,0.0,0.0417698,0.0,0.0435894,0.00181958,2.81701e-21,1.0,0.0417437,0.0,Inf,2,false,decay_starved
1.268,55.7,8.0,60.0,95.0,true,false,false,0,true,false,0.00181958,0.0,0.0417698,0.0,0.0435894,0.00181958,2.81701e-21,1.0,0.0417437,0.0,Inf,2,false,decay_starved
1.268,66.86,8.0,60.0,95.0,true,true,false,1,true,false,0.00181958,2.81701e-21,0.0417698,0.0,0.0435894,0.00181958,2.81701e-21,0.0,0.0417437,1.54816e-18,6.45927e17,2,false,decay_starved
1.268,80.25,8.0,60.0,95.0,true,true,false,1,true,false,0.00181958,2.81701e-21,0.0417698,0.0,0.0435894,0.00181958,2.81701e-21,0.0,0.0417437,1.54816e-18,6.45927e17,2,false,decay_starved
1.268,96.32,8.0,60.0,95.0,true,true,true,2,true,false,0.00181958,2.81701e-21,0.0417698,0.0,0.0435894,0.00181958,2.81701e-21,0.0,0.0417437,1.54816e-18,6.45927e17,2,false,decay_starved
1.268,115.6,8.0,60.0,95.0,true,true,true,2,true,false,0.00181958,2.81701e-21,0.0417698,0.0,0.0435894,0.00181958,2.81701e-21,0.0,0.0417437,1.54816e-18,6.45927e17,2,false,decay_starved
1.268,138.8,8.0,60.0,95.0,true,true,true,2,true,false,0.00181958,2.81701e-21,0.0417698,0.0,0.0435894,0.00181958,2.81701e-21,0.0,0.0417437,1.54816e-18,6.45927e17,2,false,decay_starved
1.268,166.6,8.0,60.0,95.0,true,true,true,2,true,true,0.00181958,2.81701e-21,0.0417698,0.0,0.0435894,0.00181958,2.81701e-21,0.0,0.0417437,1.54816e-18,6.45927e17,2,false,decay_starved
1.268,199.9,8.0,60.0,95.0,true,true,true,2,true,true,0.00181958,2.81701e-21,0.0417698,0.0,0.0435894,0.00181958,2.81701e-21,0.0,0.0417437,1.54816e-18,6.45927e17,2,false,decay_starved
1.268,240.0,8.0,60.0,95.0,true,true,true,2,true,true,0.00181958,2.81701e-21,0.0417698,0.0,0.0435894,0.00181958,2.81701e-21,0.0,0.0417437,1.54816e-18,6.45927e17,2,false,decay_starved
1.609,3.0,8.0,60.0,95.0,false,false,false,0,true,false,0.0,0.0,0.0634354,0.0,0.0634354,0.00692905,6.38343e-17,1.0,0.0,0.0,NaN,2,false,window_clipped
1.609,3.601,8.0,60.0,95.0,false,false,false,0,true,false,0.0,0.0,0.0634354,0.0,0.0634354,0.00692905,6.38343e-17,1.0,0.0,0.0,NaN,2,false,window_clipped
1.609,4.322,8.0,60.0,95.0,false,false,false,0,true,false,0.0,0.0,0.0634354,0.0,0.0634354,0.00692905,6.38343e-17,1.0,0.0,0.0,NaN,2,false,window_clipped
1.609,5.188,8.0,60.0,95.0,false,false,false,0,true,false,0.0,0.0,0.0634354,0.0,0.0634354,0.00692905,6.38343e-17,1.0,0.0,0.0,NaN,2,false,window_clipped
1.609,6.227,8.0,60.0,95.0,false,false,false,0,true,false,0.0,0.0,0.0634354,0.0,0.0634354,0.00692905,6.38343e-17,1.0,0.0,0.0,NaN,2,false,window_clipped
1.609,7.475,8.0,60.0,95.0,false,false,false,0,true,false,0.0,0.0,0.0634354,0.0,0.0634354,0.00692905,6.38343e-17,1.0,0.0,0.0,NaN,2,false,window_clipped
1.609,8.972,8.0,60.0,95.0,true,false,false,0,true,false,0.00692905,0.0,0.0634354,0.0,0.0703645,0.00692905,6.38343e-17,1.0,0.0984737,0.0,Inf,2,false,decay_starved
1.609,10.77,8.0,60.0,95.0,true,false,false,0,true,false,0.00692905,0.0,0.0634354,0.0,0.0703645,0.00692905,6.38343e-17,1.0,0.0984737,0.0,Inf,2,false,decay_starved
1.609,12.93,8.0,60.0,95.0,true,false,false,0,true,false,0.00692905,0.0,0.0634354,0.0,0.0703645,0.00692905,6.38343e-17,1.0,0.0984737,0.0,Inf,2,false,decay_starved
1.609,15.52,8.0,60.0,95.0,true,false,false,0,true,false,0.00692905,0.0,0.0634354,0.0,0.0703645,0.00692905,6.38343e-17,1.0,0.0984737,0.0,Inf,2,false,decay_starved
1.609,18.62,8.0,60.0,95.0,true,false,false,0,true,false,0.00692905,0.0,0.0634354,0.0,0.0703645,0.00692905,6.38343e-17,1.0,0.0984737,0.0,Inf,2,false,decay_starved
1.609,22.35,8.0,60.0,95.0,true,false,false,0,true,false,0.00692905,0.0,0.0634354,0.0,0.0703645,0.00692905,6.38343e-17,1.0,0.0984737,0.0,Inf,2,false,decay_starved
1.609,26.83,8.0,60.0,95.0,true,false,false,0,true,false,0.00692905,0.0,0.0634354,0.0,0.0703645,0.00692905,6.38343e-17,1.0,0.0984737,0.0,Inf,2,false,decay_starved
1.609,32.21,8.0,60.0,95.0,true,false,false,0,true,false,0.00692905,0.0,0.0634354,0.0,0.0703645,0.00692905,6.38343e-17,1.0,0.0984737,0.0,Inf,2,false,decay_starved
1.609,38.66,8.0,60.0,95.0,true,false,false,0,true,false,0.00692905,0.0,0.0634354,0.0,0.0703645,0.00692905,6.38343e-17,1.0,0.0984737,0.0,Inf,2,false,decay_starved
1.609,46.4,8.0,60.0,95.0,true,false,false,0,true,false,0.00692905,0.0,0.0634354,0.0,0.0703645,0.00692905,6.38343e-17,1.0,0.0984737,0.0,Inf,2,false,decay_starved
1.609,55.7,8.0,60.0,95.0,true,false,false,0,true,false,0.00692905,0.0,0.0634354,0.0,0.0703645,0.00692905,6.38343e-17,1.0,0.0984737,0.0,Inf,2,false,decay_starved
1.609,66.86,8.0,60.0,95.0,true,true,false,1,true,false,0.00692905,6.38343e-17,0.0634354,0.0,0.0703645,0.00692905,6.38343e-17,0.0,0.0984737,9.21256e-15,1.08547e14,2,false,decay_starved
1.609,80.25,8.0,60.0,95.0,true,true,false,1,true,false,0.00692905,6.38343e-17,0.0634354,0.0,0.0703645,0.00692905,6.38343e-17,0.0,0.0984737,9.21256e-15,1.08547e14,2,false,decay_starved
1.609,96.32,8.0,60.0,95.0,true,true,true,2,true,false,0.00692905,6.38343e-17,0.0634354,0.0,0.0703645,0.00692905,6.38343e-17,0.0,0.0984737,9.21256e-15,1.08547e14,2,false,decay_starved
1.609,115.6,8.0,60.0,95.0,true,true,true,2,true,false,0.00692905,6.38343e-17,0.0634354,0.0,0.0703645,0.00692905,6.38343e-17,0.0,0.0984737,9.21256e-15,1.08547e14,2,false,decay_starved
1.609,138.8,8.0,60.0,95.0,true,true,true,2,true,false,0.00692905,6.38343e-17,0.0634354,0.0,0.0703645,0.00692905,6.38343e-17,0.0,0.0984737,9.21256e-15,1.08547e14,2,false,decay_starved
1.609,166.6,8.0,60.0,95.0,true,true,true,2,true,true,0.00692905,6.38343e-17,0.0634354,2.9301e-41,0.0703645,0.00692905,6.38343e-17,0.0,0.0984737,9.21256e-15,1.08547e14,2,false,decay_starved
1.609,199.9,8.0,60.0,95.0,true,true,true,2,true,true,0.00692905,6.38343e-17,0.0634354,2.9301e-41,0.0703645,0.00692905,6.38343e-17,0.0,0.0984737,9.21256e-15,1.08547e14,2,false,decay_starved
1.609,240.0,8.0,60.0,95.0,true,true,true,2,true,true,0.00692905,6.38343e-17,0.0634354,2.9301e-41,0.0703645,0.00692905,6.38343e-17,0.0,0.0984737,9.21256e-15,1.08547e14,2,false,decay_starved
2.04,3.0,8.0,60.0,95.0,false,false,false,0,true,false,0.0,0.0,0.0880841,0.0,0.0880841,0.01981,1.68513e-13,1.0,0.0,0.0,NaN,2,false,window_clipped
2.04,3.601,8.0,60.0,95.0,false,false,false,0,true,false,0.0,0.0,0.0880841,0.0,0.0880841,0.01981,1.68513e-13,1.0,0.0,0.0,NaN,2,false,window_clipped
2.04,4.322,8.0,60.0,95.0,false,false,false,0,true,false,0.0,0.0,0.0880841,0.0,0.0880841,0.01981,1.68513e-13,1.0,0.0,0.0,NaN,2,false,window_clipped
2.04,5.188,8.0,60.0,95.0,false,false,false,0,true,false,0.0,0.0,0.0880841,0.0,0.0880841,0.01981,1.68513e-13,1.0,0.0,0.0,NaN,2,false,window_clipped
2.04,6.227,8.0,60.0,95.0,false,false,false,0,true,false,0.0,0.0,0.0880841,0.0,0.0880841,0.01981,1.68513e-13,1.0,0.0,0.0,NaN,2,false,window_clipped
2.04,7.475,8.0,60.0,95.0,false,false,false,0,true,false,0.0,0.0,0.0880841,0.0,0.0880841,0.01981,1.68513e-13,1.0,0.0,0.0,NaN,2,false,window_clipped
2.04,8.972,8.0,60.0,95.0,true,false,false,0,true,false,0.01981,0.0,0.0880841,0.0,0.107894,0.01981,1.68513e-13,1.0,0.183606,0.0,Inf,2,false,decay_starved
2.04,10.77,8.0,60.0,95.0,true,false,false,0,true,false,0.01981,0.0,0.0880841,0.0,0.107894,0.01981,1.68513e-13,1.0,0.183606,0.0,Inf,2,false,decay_starved
2.04,12.93,8.0,60.0,95.0,true,false,false,0,true,false,0.01981,0.0,0.0880841,0.0,0.107894,0.01981,1.68513e-13,1.0,0.183606,0.0,Inf,2,false,decay_starved
2.04,15.52,8.0,60.0,95.0,true,false,false,0,true,false,0.01981,0.0,0.0880841,0.0,0.107894,0.01981,1.68513e-13,1.0,0.183606,0.0,Inf,2,false,decay_starved
2.04,18.62,8.0,60.0,95.0,true,false,false,0,true,false,0.01981,0.0,0.0880841,0.0,0.107894,0.01981,1.68513e-13,1.0,0.183606,0.0,Inf,2,false,decay_starved
2.04,22.35,8.0,60.0,95.0,true,false,false,0,true,false,0.01981,0.0,0.0880841,0.0,0.107894,0.01981,1.68513e-13,1.0,0.183606,0.0,Inf,2,false,decay_starved
2.04,26.83,8.0,60.0,95.0,true,false,false,0,true,false,0.01981,0.0,0.0880841,0.0,0.107894,0.01981,1.68513e-13,1.0,0.183606,0.0,Inf,2,false,decay_starved
2.04,32.21,8.0,60.0,95.0,true,false,false,0,true,false,0.01981,0.0,0.0880841,0.0,0.107894,0.01981,1.68513e-13,1.0,0.183606,0.0,Inf,2,false,decay_starved
2.04,38.66,8.0,60.0,95.0,true,false,false,0,true,false,0.01981,0.0,0.0880841,0.0,0.107894,0.01981,1.68513e-13,1.0,0.183606,0.0,Inf,2,false,decay_starved
2.04,46.4,8.0,60.0,95.0,true,false,false,0,true,false,0.01981,0.0,0.0880841,0.0,0.107894,0.01981,1.68513e-13,1.0,0.183606,0.0,Inf,2,false,decay_starved
2.04,55.7,8.0,60.0,95.0,true,false,false,0,true,false,0.01981,0.0,0.0880841,0.0,0.107894,0.01981,1.68513e-13,1.0,0.183606,0.0,Inf,2,false,decay_starved
2.04,66.86,8.0,60.0,95.0,true,true,false,1,true,false,0.01981,1.68513e-13,0.0880841,0.0,0.107894,0.01981,1.68513e-13,0.0,0.183606,8.50644e-12,1.17558e11,2,false,decay_starved
2.04,80.25,8.0,60.0,95.0,true,true,false,1,true,false,0.01981,1.68513e-13,0.0880841,0.0,0.107894,0.01981,1.68513e-13,0.0,0.183606,8.50644e-12,1.17558e11,2,false,decay_starved
2.04,96.32,8.0,60.0,95.0,true,true,true,2,true,false,0.01981,1.68513e-13,0.0880841,0.0,0.107894,0.01981,1.68513e-13,0.0,0.183606,8.50644e-12,1.17558e11,2,false,decay_starved
2.04,115.6,8.0,60.0,95.0,true,true,true,2,true,false,0.01981,1.68513e-13,0.0880841,0.0,0.107894,0.01981,1.68513e-13,0.0,0.183606,8.50644e-12,1.17558e11,2,false,decay_starved
2.04,138.8,8.0,60.0,95.0,true,true,true,2,true,false,0.01981,1.68513e-13,0.0880841,0.0,0.107894,0.01981,1.68513e-13,0.0,0.183606,8.50644e-12,1.17558e11,2,false,decay_starved
2.04,166.6,8.0,60.0,95.0,true,true,true,2,true,true,0.01981,1.68513e-13,0.0880841,1.04912004e-32,0.107894,0.01981,1.68513e-13,0.0,0.183606,8.50644e-12,1.17558e11,2,false,decay_starved
2.04,199.9,8.0,60.0,95.0,true,true,true,2,true,true,0.01981,1.68513e-13,0.0880841,1.04912004e-32,0.107894,0.01981,1.68513e-13,0.0,0.183606,8.50644e-12,1.17558e11,2,false,decay_starved
2.04,240.0,8.0,60.0,95.0,true,true,true,2,true,true,0.01981,1.68513e-13,0.0880841,1.04912004e-32,0.107894,0.01981,1.68513e-13,0.0,0.183606,8.50644e-12,1.17558e11,2,false,decay_starved
2.587,3.0,8.0,60.0,95.0,false,false,false,0,true,false,0.0,0.0,0.114138,0.0,0.114138,0.0453936,8.46169e-11,1.0,0.0,0.0,NaN,2,false,window_clipped
2.587,3.601,8.0,60.0,95.0,false,false,false,0,true,false,0.0,0.0,0.114138,0.0,0.114138,0.0453936,8.46169e-11,1.0,0.0,0.0,NaN,2,false,window_clipped
2.587,4.322,8.0,60.0,95.0,false,false,false,0,true,false,0.0,0.0,0.114138,0.0,0.114138,0.0453936,8.46169e-11,1.0,0.0,0.0,NaN,2,false,window_clipped
2.587,5.188,8.0,60.0,95.0,false,false,false,0,true,false,0.0,0.0,0.114138,0.0,0.114138,0.0453936,8.46169e-11,1.0,0.0,0.0,NaN,2,false,window_clipped
2.587,6.227,8.0,60.0,95.0,false,false,false,0,true,false,0.0,0.0,0.114138,0.0,0.114138,0.0453936,8.46169e-11,1.0,0.0,0.0,NaN,2,false,window_clipped
2.587,7.475,8.0,60.0,95.0,false,false,false,0,true,false,0.0,0.0,0.114138,0.0,0.114138,0.0453936,8.46169e-11,1.0,0.0,0.0,NaN,2,false,window_clipped
2.587,8.972,8.0,60.0,95.0,true,false,false,0,true,false,0.0453936,0.0,0.114138,0.0,0.159532,0.0453936,8.46169e-11,1.0,0.284542,0.0,Inf,2,false,decay_starved
2.587,10.77,8.0,60.0,95.0,true,false,false,0,true,false,0.0453936,0.0,0.114138,0.0,0.159532,0.0453936,8.46169e-11,1.0,0.284542,0.0,Inf,2,false,decay_starved
2.587,12.93,8.0,60.0,95.0,true,false,false,0,true,false,0.0453936,0.0,0.114138,0.0,0.159532,0.0453936,8.46169e-11,1.0,0.284542,0.0,Inf,2,false,decay_starved
2.587,15.52,8.0,60.0,95.0,true,false,false,0,true,false,0.0453936,0.0,0.114138,0.0,0.159532,0.0453936,8.46169e-11,1.0,0.284542,0.0,Inf,2,false,decay_starved
2.587,18.62,8.0,60.0,95.0,true,false,false,0,true,false,0.0453936,0.0,0.114138,0.0,0.159532,0.0453936,8.46169e-11,1.0,0.284542,0.0,Inf,2,false,decay_starved
2.587,22.35,8.0,60.0,95.0,true,false,false,0,true,false,0.0453936,0.0,0.114138,0.0,0.159532,0.0453936,8.46169e-11,1.0,0.284542,0.0,Inf,2,false,decay_starved
2.587,26.83,8.0,60.0,95.0,true,false,false,0,true,false,0.0453936,0.0,0.114138,0.0,0.159532,0.0453936,8.46169e-11,1.0,0.284542,0.0,Inf,2,false,decay_starved
2.587,32.21,8.0,60.0,95.0,true,false,false,0,true,false,0.0453936,0.0,0.114138,0.0,0.159532,0.0453936,8.46169e-11,1.0,0.284542,0.0,Inf,2,false,decay_starved
2.587,38.66,8.0,60.0,95.0,true,false,false,0,true,false,0.0453936,0.0,0.114138,0.0,0.159532,0.0453936,8.46169e-11,1.0,0.284542,0.0,Inf,2,false,decay_starved
2.587,46.4,8.0,60.0,95.0,true,false,false,0,true,false,0.0453936,0.0,0.114138,0.0,0.159532,0.0453936,8.46169e-11,1.0,0.284542,0.0,Inf,2,false,decay_starved
2.587,55.7,8.0,60.0,95.0,true,false,false,0,true,false,0.0453936,0.0,0.114138,0.0,0.159532,0.0453936,8.46169e-11,1.0,0.284542,0.0,Inf,2,false,decay_starved
2.587,66.86,8.0,60.0,95.0,true,true,false,1,true,false,0.0453936,8.46168e-11,0.114138,0.0,0.159532,0.0453936,8.46169e-11,1.3113e-6,0.284542,1.86407e-9,5.3646e8,2,false,decay_starved
2.587,80.25,8.0,60.0,95.0,true,true,false,1,true,false,0.0453936,8.46168e-11,0.114138,0.0,0.159532,0.0453936,8.46169e-11,1.3113e-6,0.284542,1.86407e-9,5.3646e8,2,false,decay_starved
2.587,96.32,8.0,60.0,95.0,true,true,true,2,true,false,0.0453936,8.46169e-11,0.114138,0.0,0.159532,0.0453936,8.46169e-11,0.0,0.284542,1.86407e-9,5.3646e8,2,false,decay_starved
2.587,115.6,8.0,60.0,95.0,true,true,true,2,true,false,0.0453936,8.46169e-11,0.114138,0.0,0.159532,0.0453936,8.46169e-11,0.0,0.284542,1.86407e-9,5.3646e8,2,false,decay_starved
2.587,138.8,8.0,60.0,95.0,true,true,true,2,true,false,0.0453936,8.46169e-11,0.114138,0.0,0.159532,0.0453936,8.46169e-11,0.0,0.284542,1.86407e-9,5.3646e8,2,false,decay_starved
2.587,166.6,8.0,60.0,95.0,true,true,true,2,true,true,0.0453936,8.46169e-11,0.114138,5.92768e-26,0.159532,0.0453936,8.46169e-11,0.0,0.284542,1.86407e-9,5.3646e8,2,false,decay_starved
2.587,199.9,8.0,60.0,95.0,true,true,true,2,true,true,0.0453936,8.46169e-11,0.114138,5.92768e-26,0.159532,0.0453936,8.46169e-11,0.0,0.284542,1.86407e-9,5.3646e8,2,false,decay_starved
2.587,240.0,8.0,60.0,95.0,true,true,true,2,true,true,0.0453936,8.46169e-11,0.114138,5.92768e-26,0.159532,0.0453936,8.46169e-11,0.0,0.284542,1.86407e-9,5.3646e8,2,false,decay_starved
3.281,3.0,8.0,60.0,95.0,false,false,false,0,true,false,0.0,0.0,0.140025,0.0,0.140025,0.0873108,1.14293e-8,1.0,0.0,0.0,NaN,2,false,window_clipped
3.281,3.601,8.0,60.0,95.0,false,false,false,0,true,false,0.0,0.0,0.140025,0.0,0.140025,0.0873108,1.14293e-8,1.0,0.0,0.0,NaN,2,false,window_clipped
3.281,4.322,8.0,60.0,95.0,false,false,false,0,true,false,0.0,0.0,0.140025,0.0,0.140025,0.0873108,1.14293e-8,1.0,0.0,0.0,NaN,2,false,window_clipped
3.281,5.188,8.0,60.0,95.0,false,false,false,0,true,false,0.0,0.0,0.140025,0.0,0.140025,0.0873108,1.14293e-8,1.0,0.0,0.0,NaN,2,false,window_clipped
3.281,6.227,8.0,60.0,95.0,false,false,false,0,true,false,0.0,0.0,0.140025,0.0,0.140025,0.0873108,1.14293e-8,1.0,0.0,0.0,NaN,2,false,window_clipped
3.281,7.475,8.0,60.0,95.0,false,false,false,0,true,false,0.0,0.0,0.140025,0.0,0.140025,0.0873108,1.14293e-8,1.0,0.0,0.0,NaN,2,false,window_clipped
3.281,8.972,8.0,60.0,95.0,true,false,false,0,true,false,0.0873108,0.0,0.140025,0.0,0.227336,0.0873108,1.14293e-8,1.0,0.384061,0.0,Inf,2,false,selective_gate
3.281,10.77,8.0,60.0,95.0,true,false,false,0,true,false,0.0873108,0.0,0.140025,0.0,0.227336,0.0873108,1.14293e-8,1.0,0.384061,0.0,Inf,2,false,selective_gate
3.281,12.93,8.0,60.0,95.0,true,false,false,0,true,false,0.0873108,0.0,0.140025,0.0,0.227336,0.0873108,1.14293e-8,1.0,0.384061,0.0,Inf,2,false,selective_gate
3.281,15.52,8.0,60.0,95.0,true,false,false,0,true,false,0.0873108,0.0,0.140025,0.0,0.227336,0.0873108,1.14293e-8,1.0,0.384061,0.0,Inf,2,false,selective_gate
3.281,18.62,8.0,60.0,95.0,true,false,false,0,true,false,0.0873108,0.0,0.140025,0.0,0.227336,0.0873108,1.14293e-8,1.0,0.384061,0.0,Inf,2,false,selective_gate
3.281,22.35,8.0,60.0,95.0,true,false,false,0,true,false,0.0873108,0.0,0.140025,0.0,0.227336,0.0873108,1.14293e-8,1.0,0.384061,0.0,Inf,2,false,selective_gate
3.281,26.83,8.0,60.0,95.0,true,false,false,0,true,false,0.0873108,0.0,0.140025,0.0,0.227336,0.0873108,1.14293e-8,1.0,0.384061,0.0,Inf,2,false,selective_gate
3.281,32.21,8.0,60.0,95.0,true,false,false,0,true,false,0.0873108,0.0,0.140025,0.0,0.227336,0.0873108,1.14293e-8,1.0,0.384061,0.0,Inf,2,false,selective_gate
3.281,38.66,8.0,60.0,95.0,true,false,false,0,true,false,0.0873108,0.0,0.140025,0.0,0.227336,0.0873108,1.14293e-8,1.0,0.384061,0.0,Inf,2,false,selective_gate
3.281,46.4,8.0,60.0,95.0,true,false,false,0,true,false,0.0873108,0.0,0.140025,0.0,0.227336,0.0873108,1.14293e-8,1.0,0.384061,0.0,Inf,2,false,selective_gate
3.281,55.7,8.0,60.0,95.0,true,false,false,0,true,false,0.0873108,0.0,0.140025,0.0,0.227336,0.0873108,1.14293e-8,1.0,0.384061,0.0,Inf,2,false,selective_gate
3.281,66.86,8.0,60.0,95.0,true,true,false,1,true,false,0.0873108,1.1429e-8,0.140025,0.0,0.227336,0.0873108,1.14293e-8,2.33054e-5,0.384061,1.30901e-7,7.63938e6,2,false,soft_decay
3.281,80.25,8.0,60.0,95.0,true,true,false,1,true,false,0.0873108,1.1429e-8,0.140025,0.0,0.227336,0.0873108,1.14293e-8,2.33054e-5,0.384061,1.30901e-7,7.63938e6,2,false,soft_decay
3.281,96.32,8.0,60.0,95.0,true,true,true,2,true,false,0.0873108,1.14293e-8,0.140025,0.0,0.227336,0.0873108,1.14293e-8,0.0,0.384061,1.30904e-7,7.6392e6,2,false,soft_decay
3.281,115.6,8.0,60.0,95.0,true,true,true,2,true,false,0.0873108,1.14293e-8,0.140025,0.0,0.227336,0.0873108,1.14293e-8,0.0,0.384061,1.30904e-7,7.6392e6,2,false,soft_decay
3.281,138.8,8.0,60.0,95.0,true,true,true,2,true,false,0.0873108,1.14293e-8,0.140025,0.0,0.227336,0.0873108,1.14293e-8,0.0,0.384061,1.30904e-7,7.6392e6,2,false,soft_decay
3.281,166.6,8.0,60.0,95.0,true,true,true,2,true,true,0.0873108,1.14293e-8,0.140025,1.25680005e-20,0.227336,0.0873108,1.14293e-8,0.0,0.384061,1.30904e-7,7.6392e6,2,false,soft_decay
3.281,199.9,8.0,60.0,95.0,true,true,true,2,true,true,0.0873108,1.14293e-8,0.140025,1.25680005e-20,0.227336,0.0873108,1.14293e-8,0.0,0.384061,1.30904e-7,7.6392e6,2,false,soft_decay
3.281,240.0,8.0,60.0,95.0,true,true,true,2,true,true,0.0873108,1.14293e-8,0.140025,1.25680005e-20,0.227336,0.0873108,1.14293e-8,0.0,0.384061,1.30904e-7,7.6392e6,2,false,soft_decay
4.162,3.0,8.0,60.0,95.0,false,false,false,0,true,false,0.0,0.0,0.164533,0.0,0.164533,0.146292,5.48586e-7,1.0,0.0,0.0,NaN,2,false,window_clipped
4.162,3.601,8.0,60.0,95.0,false,false,false,0,true,false,0.0,0.0,0.164533,0.0,0.164533,0.146292,5.48586e-7,1.0,0.0,0.0,NaN,2,false,window_clipped
4.162,4.322,8.0,60.0,95.0,false,false,false,0,true,false,0.0,0.0,0.164533,0.0,0.164533,0.146292,5.48586e-7,1.0,0.0,0.0,NaN,2,false,window_clipped
4.162,5.188,8.0,60.0,95.0,false,false,false,0,true,false,0.0,0.0,0.164533,0.0,0.164533,0.146292,5.48586e-7,1.0,0.0,0.0,NaN,2,false,window_clipped
4.162,6.227,8.0,60.0,95.0,false,false,false,0,true,false,0.0,0.0,0.164533,0.0,0.164533,0.146292,5.48586e-7,1.0,0.0,0.0,NaN,2,false,window_clipped
4.162,7.475,8.0,60.0,95.0,false,false,false,0,true,false,0.0,0.0,0.164533,0.0,0.164533,0.146292,5.48586e-7,1.0,0.0,0.0,NaN,2,false,window_clipped
4.162,8.972,8.0,60.0,95.0,true,false,false,0,true,false,0.146292,0.0,0.164533,0.0,0.310824,0.146292,5.48586e-7,1.0,0.470657,0.0,Inf,2,false,selective_gate
4.162,10.77,8.0,60.0,95.0,true,false,false,0,true,false,0.146292,0.0,0.164533,0.0,0.310824,0.146292,5.48586e-7,1.0,0.470657,0.0,Inf,2,false,selective_gate
4.162,12.93,8.0,60.0,95.0,true,false,false,0,true,false,0.146292,0.0,0.164533,0.0,0.310824,0.146292,5.48586e-7,1.0,0.470657,0.0,Inf,2,false,selective_gate
4.162,15.52,8.0,60.0,95.0,true,false,false,0,true,false,0.146292,0.0,0.164533,0.0,0.310824,0.146292,5.48586e-7,1.0,0.470657,0.0,Inf,2,false,selective_gate
4.162,18.62,8.0,60.0,95.0,true,false,false,0,true,false,0.146292,0.0,0.164533,0.0,0.310824,0.146292,5.48586e-7,1.0,0.470657,0.0,Inf,2,false,selective_gate
4.162,22.35,8.0,60.0,95.0,true,false,false,0,true,false,0.146292,0.0,0.164533,0.0,0.310824,0.146292,5.48586e-7,1.0,0.470657,0.0,Inf,2,false,selective_gate
4.162,26.83,8.0,60.0,95.0,true,false,false,0,true,false,0.146292,0.0,0.164533,0.0,0.310824,0.146292,5.48586e-7,1.0,0.470657,0.0,Inf,2,false,selective_gate
4.162,32.21,8.0,60.0,95.0,true,false,false,0,true,false,0.146292,0.0,0.164533,0.0,0.310824,0.146292,5.48586e-7,1.0,0.470657,0.0,Inf,2,false,selective_gate
4.162,38.66,8.0,60.0,95.0,true,false,false,0,true,false,0.146292,0.0,0.164533,0.0,0.310824,0.146292,5.48586e-7,1.0,0.470657,0.0,Inf,2,false,selective_gate
4.162,46.4,8.0,60.0,95.0,true,false,false,0,true,false,0.146292,0.0,0.164533,0.0,0.310824,0.146292,5.48586e-7,1.0,0.470657,0.0,Inf,2,false,selective_gate
4.162,55.7,8.0,60.0,95.0,true,false,false,0,true,false,0.146292,0.0,0.164533,0.0,0.310824,0.146292,5.48586e-7,1.0,0.470657,0.0,Inf,2,false,selective_gate
4.162,66.86,8.0,60.0,95.0,true,true,false,1,true,false,0.146292,5.48463e-7,0.164533,0.0,0.310825,0.146292,5.48586e-7,0.000222683,0.470656,3.7490902e-6,266730.0,2,false,soft_decay
4.162,80.25,8.0,60.0,95.0,true,true,false,1,true,false,0.146292,5.48463e-7,0.164533,0.0,0.310825,0.146292,5.48586e-7,0.000222683,0.470656,3.7490902e-6,266730.0,2,false,soft_decay
4.162,96.32,8.0,60.0,95.0,true,true,true,2,true,false,0.146292,5.48586e-7,0.164533,0.0,0.310825,0.146292,5.48586e-7,0.0,0.470656,3.74993e-6,266671.0,2,false,soft_decay
4.162,115.6,8.0,60.0,95.0,true,true,true,2,true,false,0.146292,5.48586e-7,0.164533,0.0,0.310825,0.146292,5.48586e-7,0.0,0.470656,3.74993e-6,266671.0,2,false,soft_decay
4.162,138.8,8.0,60.0,95.0,true,true,true,2,true,false,0.146292,5.48586e-7,0.164533,0.0,0.310825,0.146292,5.48586e-7,0.0,0.470656,3.74993e-6,266671.0,2,false,soft_decay
4.162,166.6,8.0,60.0,95.0,true,true,true,2,true,true,0.146292,5.48586e-7,0.164533,2.00499e-16,0.310825,0.146292,5.48586e-7,0.0,0.470656,3.74993e-6,266671.0,2,false,soft_decay
4.162,199.9,8.0,60.0,95.0,true,true,true,2,true,true,0.146292,5.48586e-7,0.164533,2.00499e-16,0.310825,0.146292,5.48586e-7,0.0,0.470656,3.74993e-6,266671.0,2,false,soft_decay
4.162,240.0,8.0,60.0,95.0,true,true,true,2,true,true,0.146292,5.48586e-7,0.164533,2.00499e-16,0.310825,0.146292,5.48586e-7,0.0,0.470656,3.74993e-6,266671.0,2,false,soft_decay
5.278,3.0,8.0,60.0,95.0,false,false,false,0,true,false,0.0,0.0,0.186815,0.0,0.186815,0.219649,1.15754e-5,1.0,0.0,0.0,NaN,2,false,window_clipped
5.278,3.601,8.0,60.0,95.0,false,false,false,0,true,false,0.0,0.0,0.186815,0.0,0.186815,0.219649,1.15754e-5,1.0,0.0,0.0,NaN,2,false,window_clipped
5.278,4.322,8.0,60.0,95.0,false,false,false,0,true,false,0.0,0.0,0.186815,0.0,0.186815,0.219649,1.15754e-5,1.0,0.0,0.0,NaN,2,false,window_clipped
5.278,5.188,8.0,60.0,95.0,false,false,false,0,true,false,0.0,0.0,0.186815,0.0,0.186815,0.219649,1.15754e-5,1.0,0.0,0.0,NaN,2,false,window_clipped
5.278,6.227,8.0,60.0,95.0,false,false,false,0,true,false,0.0,0.0,0.186815,0.0,0.186815,0.219649,1.15754e-5,1.0,0.0,0.0,NaN,2,false,window_clipped
5.278,7.475,8.0,60.0,95.0,false,false,false,0,true,false,0.0,0.0,0.186815,0.0,0.186815,0.219649,1.15754e-5,1.0,0.0,0.0,NaN,2,false,window_clipped
5.278,8.972,8.0,60.0,95.0,true,false,false,0,true,false,0.219649,0.0,0.186815,0.0,0.406464,0.219649,1.15754e-5,1.0,0.54039,0.0,Inf,1,true,selective_gate
5.278,10.77,8.0,60.0,95.0,true,false,false,0,true,false,0.219649,0.0,0.186815,0.0,0.406464,0.219649,1.15754e-5,1.0,0.54039,0.0,Inf,1,true,selective_gate
5.278,12.93,8.0,60.0,95.0,true,false,false,0,true,false,0.219649,0.0,0.186815,0.0,0.406464,0.219649,1.15754e-5,1.0,0.54039,0.0,Inf,1,true,selective_gate
5.278,15.52,8.0,60.0,95.0,true,false,false,0,true,false,0.219649,0.0,0.186815,0.0,0.406464,0.219649,1.15754e-5,1.0,0.54039,0.0,Inf,1,true,selective_gate
5.278,18.62,8.0,60.0,95.0,true,false,false,0,true,false,0.219649,0.0,0.186815,0.0,0.406464,0.219649,1.15754e-5,1.0,0.54039,0.0,Inf,1,true,selective_gate
5.278,22.35,8.0,60.0,95.0,true,false,false,0,true,false,0.219649,0.0,0.186815,0.0,0.406464,0.219649,1.15754e-5,1.0,0.54039,0.0,Inf,1,true,selective_gate
5.278,26.83,8.0,60.0,95.0,true,false,false,0,true,false,0.219649,0.0,0.186815,0.0,0.406464,0.219649,1.15754e-5,1.0,0.54039,0.0,Inf,1,true,selective_gate
5.278,32.21,8.0,60.0,95.0,true,false,false,0,true,false,0.219649,0.0,0.186815,0.0,0.406464,0.219649,1.15754e-5,1.0,0.54039,0.0,Inf,1,true,selective_gate
5.278,38.66,8.0,60.0,95.0,true,false,false,0,true,false,0.219649,0.0,0.186815,0.0,0.406464,0.219649,1.15754e-5,1.0,0.54039,0.0,Inf,1,true,selective_gate
5.278,46.4,8.0,60.0,95.0,true,false,false,0,true,false,0.219649,0.0,0.186815,0.0,0.406464,0.219649,1.15754e-5,1.0,0.54039,0.0,Inf,1,true,selective_gate
5.278,55.7,8.0,60.0,95.0,true,false,false,0,true,false,0.219649,0.0,0.186815,0.0,0.406464,0.219649,1.15754e-5,1.0,0.54039,0.0,Inf,1,true,selective_gate
5.278,66.86,8.0,60.0,95.0,true,true,false,1,true,false,0.219649,1.15602e-5,0.186815,0.0,0.406475,0.219649,1.15754e-5,0.00131667,0.540374,5.26276e-5,19000.4,1,true,soft_decay
5.278,80.25,8.0,60.0,95.0,true,true,false,1,true,false,0.219649,1.15602e-5,0.186815,0.0,0.406475,0.219649,1.15754e-5,0.00131667,0.540374,5.26276e-5,19000.4,1,true,soft_decay
5.278,96.32,8.0,60.0,95.0,true,true,true,2,true,false,0.219649,1.15754e-5,0.186815,0.0,0.406475,0.219649,1.15754e-5,0.0,0.540374,5.2697e-5,18975.4,1,true,soft_decay
5.278,115.6,8.0,60.0,95.0,true,true,true,2,true,false,0.219649,1.15754e-5,0.186815,0.0,0.406475,0.219649,1.15754e-5,0.0,0.540374,5.2697e-5,18975.4,1,true,soft_decay
5.278,138.8,8.0,60.0,95.0,true,true,true,2,true,false,0.219649,1.15754e-5,0.186815,0.0,0.406475,0.219649,1.15754e-5,0.0,0.540374,5.2697e-5,18975.4,1,true,soft_decay
5.278,166.6,8.0,60.0,95.0,true,true,true,2,true,true,0.219649,1.15754e-5,0.186815,4.0893601e-13,0.406475,0.219649,1.15754e-5,0.0,0.540374,5.2697e-5,18975.4,1,true,soft_decay
5.278,199.9,8.0,60.0,95.0,true,true,true,2,true,true,0.219649,1.15754e-5,0.186815,4.0893601e-13,0.406475,0.219649,1.15754e-5,0.0,0.540374,5.2697e-5,18975.4,1,true,soft_decay
5.278,240.0,8.0,60.0,95.0,true,true,true,2,true,true,0.219649,1.15754e-5,0.186815,4.0893601e-13,0.406475,0.219649,1.15754e-5,0.0,0.540374,5.2697e-5,18975.4,1,true,soft_decay
6.694,3.0,8.0,60.0,95.0,false,false,false,0,true,false,0.0,0.0,0.206503,0.0,0.206503,0.302674,0.000128716,1.0,0.0,0.0,NaN,2,false,window_clipped
6.694,3.601,8.0,60.0,95.0,false,false,false,0,true,false,0.0,0.0,0.206503,0.0,0.206503,0.302674,0.000128716,1.0,0.0,0.0,NaN,2,false,window_clipped
6.694,4.322,8.0,60.0,95.0,false,false,false,0,true,false,0.0,0.0,0.206503,0.0,0.206503,0.302674,0.000128716,1.0,0.0,0.0,NaN,2,false,window_clipped
6.694,5.188,8.0,60.0,95.0,false,false,false,0,true,false,0.0,0.0,0.206503,0.0,0.206503,0.302674,0.000128716,1.0,0.0,0.0,NaN,2,false,window_clipped
6.694,6.227,8.0,60.0,95.0,false,false,false,0,true,false,0.0,0.0,0.206503,0.0,0.206503,0.302674,0.000128716,1.0,0.0,0.0,NaN,2,false,window_clipped
6.694,7.475,8.0,60.0,95.0,false,false,false,0,true,false,0.0,0.0,0.206503,0.0,0.206503,0.302674,0.000128716,1.0,0.0,0.0,NaN,2,false,window_clipped
6.694,8.972,8.0,60.0,95.0,true,false,false,0,true,false,0.302674,0.0,0.206503,0.0,0.509176,0.302674,0.000128716,1.0,0.594438,0.0,Inf,1,true,selective_gate
6.694,10.77,8.0,60.0,95.0,true,false,false,0,true,false,0.302674,0.0,0.206503,0.0,0.509176,0.302674,0.000128716,1.0,0.594438,0.0,Inf,1,true,selective_gate
6.694,12.93,8.0,60.0,95.0,true,false,false,0,true,false,0.302674,0.0,0.206503,0.0,0.509176,0.302674,0.000128716,1.0,0.594438,0.0,Inf,1,true,selective_gate
6.694,15.52,8.0,60.0,95.0,true,false,false,0,true,false,0.302674,0.0,0.206503,0.0,0.509176,0.302674,0.000128716,1.0,0.594438,0.0,Inf,1,true,selective_gate
6.694,18.62,8.0,60.0,95.0,true,false,false,0,true,false,0.302674,0.0,0.206503,0.0,0.509176,0.302674,0.000128716,1.0,0.594438,0.0,Inf,1,true,selective_gate
6.694,22.35,8.0,60.0,95.0,true,false,false,0,true,false,0.302674,0.0,0.206503,0.0,0.509176,0.302674,0.000128716,1.0,0.594438,0.0,Inf,1,true,selective_gate
6.694,26.83,8.0,60.0,95.0,true,false,false,0,true,false,0.302674,0.0,0.206503,0.0,0.509176,0.302674,0.000128716,1.0,0.594438,0.0,Inf,1,true,selective_gate
6.694,32.21,8.0,60.0,95.0,true,false,false,0,true,false,0.302674,0.0,0.206503,0.0,0.509176,0.302674,0.000128716,1.0,0.594438,0.0,Inf,1,true,selective_gate
6.694,38.66,8.0,60.0,95.0,true,false,false,0,true,false,0.302674,0.0,0.206503,0.0,0.509176,0.302674,0.000128716,1.0,0.594438,0.0,Inf,1,true,selective_gate
6.694,46.4,8.0,60.0,95.0,true,false,false,0,true,false,0.302674,0.0,0.206503,0.0,0.509176,0.302674,0.000128716,1.0,0.594438,0.0,Inf,1,true,selective_gate
6.694,55.7,8.0,60.0,95.0,true,false,false,0,true,false,0.302674,0.0,0.206503,0.0,0.509176,0.302674,0.000128716,1.0,0.594438,0.0,Inf,1,true,selective_gate
6.694,66.86,8.0,60.0,95.0,true,true,false,1,true,false,0.302674,0.000128029,0.206503,0.0,0.509304,0.302674,0.000128716,0.00533265,0.594288,0.000422816,2364.1,1,true,soft_decay
6.694,80.25,8.0,60.0,95.0,true,true,false,1,true,false,0.302674,0.000128029,0.206503,0.0,0.509304,0.302674,0.000128716,0.00533265,0.594288,0.000422816,2364.1,1,true,soft_decay
6.694,96.32,8.0,60.0,95.0,true,true,true,2,true,false,0.302674,0.000128716,0.206503,0.0,0.509305,0.302674,0.000128716,0.0,0.594287,0.000425082,2351.49,1,true,soft_decay
6.694,115.6,8.0,60.0,95.0,true,true,true,2,true,false,0.302674,0.000128716,0.206503,0.0,0.509305,0.302674,0.000128716,0.0,0.594287,0.000425082,2351.49,1,true,soft_decay
6.694,138.8,8.0,60.0,95.0,true,true,true,2,true,false,0.302674,0.000128716,0.206503,0.0,0.509305,0.302674,0.000128716,0.0,0.594287,0.000425082,2351.49,1,true,soft_decay
6.694,166.6,8.0,60.0,95.0,true,true,true,2,true,true,0.302674,0.000128716,0.206503,1.66923e-10,0.509305,0.302674,0.000128716,0.0,0.594287,0.000425082,2351.49,1,true,soft_decay
6.694,199.9,8.0,60.0,95.0,true,true,true,2,true,true,0.302674,0.000128716,0.206503,1.66923e-10,0.509305,0.302674,0.000128716,0.0,0.594287,0.000425082,2351.49,1,true,soft_decay
6.694,240.0,8.0,60.0,95.0,true,true,true,2,true,true,0.302674,0.000128716,0.206503,1.66923e-10,0.509305,0.302674,0.000128716,0.0,0.594287,0.000425082,2351.49,1,true,soft_decay
8.49,3.0,8.0,60.0,95.0,false,false,false,0,true,false,0.0,0.0,0.223479,0.0,0.223479,0.389736,0.000866486,1.0,0.0,0.0,NaN,2,false,window_clipped
8.49,3.601,8.0,60.0,95.0,false,false,false,0,true,false,0.0,0.0,0.223479,0.0,0.223479,0.389736,0.000866486,1.0,0.0,0.0,NaN,2,false,window_clipped
8.49,4.322,8.0,60.0,95.0,false,false,false,0,true,false,0.0,0.0,0.223479,0.0,0.223479,0.389736,0.000866486,1.0,0.0,0.0,NaN,2,false,window_clipped
8.49,5.188,8.0,60.0,95.0,false,false,false,0,true,false,0.0,0.0,0.223479,0.0,0.223479,0.389736,0.000866486,1.0,0.0,0.0,NaN,2,false,window_clipped
8.49,6.227,8.0,60.0,95.0,false,false,false,0,true,false,0.0,0.0,0.223479,0.0,0.223479,0.389736,0.000866486,1.0,0.0,0.0,NaN,2,false,window_clipped
8.49,7.475,8.0,60.0,95.0,false,false,false,0,true,false,0.0,0.0,0.223479,0.0,0.223479,0.389736,0.000866486,1.0,0.0,0.0,NaN,2,false,window_clipped
8.49,8.972,8.0,60.0,95.0,true,false,false,0,true,false,0.389736,0.0,0.223479,0.0,0.613215,0.389736,0.000866486,1.0,0.635562,0.0,Inf,1,true,selective_gate
8.49,10.77,8.0,60.0,95.0,true,false,false,0,true,false,0.389736,0.0,0.223479,0.0,0.613215,0.389736,0.000866486,1.0,0.635562,0.0,Inf,1,true,selective_gate
8.49,12.93,8.0,60.0,95.0,true,false,false,0,true,false,0.389736,0.0,0.223479,0.0,0.613215,0.389736,0.000866486,1.0,0.635562,0.0,Inf,1,true,selective_gate
8.49,15.52,8.0,60.0,95.0,true,false,false,0,true,false,0.389736,0.0,0.223479,0.0,0.613215,0.389736,0.000866486,1.0,0.635562,0.0,Inf,1,true,selective_gate
8.49,18.62,8.0,60.0,95.0,true,false,false,0,true,false,0.389736,0.0,0.223479,0.0,0.613215,0.389736,0.000866486,1.0,0.635562,0.0,Inf,1,true,selective_gate
8.49,22.35,8.0,60.0,95.0,true,false,false,0,true,false,0.389736,0.0,0.223479,0.0,0.613215,0.389736,0.000866486,1.0,0.635562,0.0,Inf,1,true,selective_gate
8.49,26.83,8.0,60.0,95.0,true,false,false,0,true,false,0.389736,0.0,0.223479,0.0,0.613215,0.389736,0.000866486,1.0,0.635562,0.0,Inf,1,true,selective_gate
8.49,32.21,8.0,60.0,95.0,true,false,false,0,true,false,0.389736,0.0,0.223479,0.0,0.613215,0.389736,0.000866486,1.0,0.635562,0.0,Inf,1,true,selective_gate
8.49,38.66,8.0,60.0,95.0,true,false,false,0,true,false,0.389736,0.0,0.223479,0.0,0.613215,0.389736,0.000866486,1.0,0.635562,0.0,Inf,1,true,selective_gate
8.49,46.4,8.0,60.0,95.0,true,false,false,0,true,false,0.389736,0.0,0.223479,0.0,0.613215,0.389736,0.000866486,1.0,0.635562,0.0,Inf,1,true,selective_gate
8.49,55.7,8.0,60.0,95.0,true,false,false,0,true,false,0.389736,0.0,0.223479,0.0,0.613215,0.389736,0.000866486,1.0,0.635562,0.0,Inf,1,true,selective_gate
8.49,66.86,8.0,60.0,95.0,true,true,false,1,true,false,0.389736,0.00085267,0.223479,0.0,0.614068,0.389736,0.000866486,0.0159456,0.634679,0.00218304,457.078,1,true,soft_decay
8.49,80.25,8.0,60.0,95.0,true,true,false,1,true,false,0.389736,0.00085267,0.223479,0.0,0.614068,0.389736,0.000866486,0.0159456,0.634679,0.00218304,457.078,1,true,soft_decay
8.49,96.32,8.0,60.0,95.0,true,true,true,2,true,false,0.389736,0.000866486,0.223479,0.0,0.614082,0.389736,0.000866486,0.0,0.634665,0.00221833,449.789,1,true,soft_decay
8.49,115.6,8.0,60.0,95.0,true,true,true,2,true,false,0.389736,0.000866486,0.223479,0.0,0.614082,0.389736,0.000866486,0.0,0.634665,0.00221833,449.789,1,true,soft_decay
8.49,138.8,8.0,60.0,95.0,true,true,true,2,true,false,0.389736,0.000866486,0.223479,0.0,0.614082,0.389736,0.000866486,0.0,0.634665,0.00221833,449.789,1,true,soft_decay
8.49,166.6,8.0,60.0,95.0,true,true,true,2,true,true,0.389736,0.000866486,0.223479,1.91071e-8,0.614082,0.389736,0.000866486,0.0,0.634665,0.00221833,449.789,1,true,soft_decay
8.49,199.9,8.0,60.0,95.0,true,true,true,2,true,true,0.389736,0.000866486,0.223479,1.91071e-8,0.614082,0.389736,0.000866486,0.0,0.634665,0.00221833,449.789,1,true,soft_decay
8.49,240.0,8.0,60.0,95.0,true,true,true,2,true,true,0.389736,0.000866486,0.223479,1.91071e-8,0.614082,0.389736,0.000866486,0.0,0.634665,0.00221833,449.789,1,true,soft_decay
10.77,3.0,8.0,60.0,95.0,false,false,false,0,true,false,0.0,0.0,0.237854,0.0,0.237854,0.475778,0.00395419,1.0,0.0,0.0,NaN,2,false,window_clipped
10.77,3.601,8.0,60.0,95.0,false,false,false,0,true,false,0.0,0.0,0.237854,0.0,0.237854,0.475778,0.00395419,1.0,0.0,0.0,NaN,2,false,window_clipped
10.77,4.322,8.0,60.0,95.0,false,false,false,0,true,false,0.0,0.0,0.237854,0.0,0.237854,0.475778,0.00395419,1.0,0.0,0.0,NaN,2,false,window_clipped
10.77,5.188,8.0,60.0,95.0,false,false,false,0,true,false,0.0,0.0,0.237854,0.0,0.237854,0.475778,0.00395419,1.0,0.0,0.0,NaN,2,false,window_clipped
10.77,6.227,8.0,60.0,95.0,false,false,false,0,true,false,0.0,0.0,0.237854,0.0,0.237854,0.475778,0.00395419,1.0,0.0,0.0,NaN,2,false,window_clipped
10.77,7.475,8.0,60.0,95.0,false,false,false,0,true,false,0.0,0.0,0.237854,0.0,0.237854,0.475778,0.00395419,1.0,0.0,0.0,NaN,2,false,window_clipped
10.77,8.972,8.0,60.0,95.0,true,false,false,0,true,false,0.475778,0.0,0.237854,0.0,0.713632,0.475778,0.00395419,1.0,0.6667,0.0,Inf,1,true,selective_gate
10.77,10.77,8.0,60.0,95.0,true,false,false,0,true,false,0.475778,0.0,0.237854,0.0,0.713632,0.475778,0.00395419,1.0,0.6667,0.0,Inf,1,true,selective_gate
10.77,12.93,8.0,60.0,95.0,true,false,false,0,true,false,0.475778,0.0,0.237854,0.0,0.713632,0.475778,0.00395419,1.0,0.6667,0.0,Inf,1,true,selective_gate
10.77,15.52,8.0,60.0,95.0,true,false,false,0,true,false,0.475778,0.0,0.237854,0.0,0.713632,0.475778,0.00395419,1.0,0.6667,0.0,Inf,1,true,selective_gate
10.77,18.62,8.0,60.0,95.0,true,false,false,0,true,false,0.475778,0.0,0.237854,0.0,0.713632,0.475778,0.00395419,1.0,0.6667,0.0,Inf,1,true,selective_gate
10.77,22.35,8.0,60.0,95.0,true,false,false,0,true,false,0.475778,0.0,0.237854,0.0,0.713632,0.475778,0.00395419,1.0,0.6667,0.0,Inf,1,true,selective_gate
10.77,26.83,8.0,60.0,95.0,true,false,false,0,true,false,0.475778,0.0,0.237854,0.0,0.713632,0.475778,0.00395419,1.0,0.6667,0.0,Inf,1,true,selective_gate
10.77,32.21,8.0,60.0,95.0,true,false,false,0,true,false,0.475778,0.0,0.237854,0.0,0.713632,0.475778,0.00395419,1.0,0.6667,0.0,Inf,1,true,selective_gate
10.77,38.66,8.0,60.0,95.0,true,false,false,0,true,false,0.475778,0.0,0.237854,0.0,0.713632,0.475778,0.00395419,1.0,0.6667,0.0,Inf,1,true,selective_gate
10.77,46.4,8.0,60.0,95.0,true,false,false,0,true,false,0.475778,0.0,0.237854,0.0,0.713632,0.475778,0.00395419,1.0,0.6667,0.0,Inf,1,true,selective_gate
10.77,55.7,8.0,60.0,95.0,true,false,false,0,true,false,0.475778,0.0,0.237854,0.0,0.713632,0.475778,0.00395419,1.0,0.6667,0.0,Inf,1,true,selective_gate
10.77,66.86,8.0,60.0,95.0,true,true,false,1,true,false,0.475778,0.00380656,0.237854,0.0,0.717438,0.475778,0.00395419,0.0373353,0.663162,0.0079372,124.989,1,true,soft_decay
10.77,80.25,8.0,60.0,95.0,true,true,false,1,true,false,0.475778,0.00380656,0.237854,0.0,0.717438,0.475778,0.00395419,0.0373353,0.663162,0.0079372,124.989,1,true,soft_decay
10.77,96.32,8.0,60.0,95.0,true,true,true,2,true,false,0.475778,0.00395419,0.237854,0.0,0.717586,0.475778,0.00395419,0.0,0.663026,0.00824249,120.323,1,true,soft_decay
10.77,115.6,8.0,60.0,95.0,true,true,true,2,true,false,0.475778,0.00395419,0.237854,0.0,0.717586,0.475778,0.00395419,0.0,0.663026,0.00824249,120.323,1,true,soft_decay
10.77,138.8,8.0,60.0,95.0,true,true,true,2,true,false,0.475778,0.00395419,0.237854,0.0,0.717586,0.475778,0.00395419,0.0,0.663026,0.00824249,120.323,1,true,soft_decay
10.77,166.6,8.0,60.0,95.0,true,true,true,2,true,true,0.475778,0.00395419,0.237854,8.04587e-7,0.717587,0.475778,0.00395419,0.0,0.663025,0.00824249,120.323,1,true,soft_decay
10.77,199.9,8.0,60.0,95.0,true,true,true,2,true,true,0.475778,0.00395419,0.237854,8.04587e-7,0.717587,0.475778,0.00395419,0.0,0.663025,0.00824249,120.323,1,true,soft_decay
10.77,240.0,8.0,60.0,95.0,true,true,true,2,true,true,0.475778,0.00395419,0.237854,8.04587e-7,0.717587,0.475778,0.00395419,0.0,0.663025,0.00824249,120.323,1,true,soft_decay
13.66,3.0,8.0,60.0,95.0,false,false,false,0,true,false,0.0,0.0,0.249826,0.0,0.249826,0.556743,0.0133254,1.0,0.0,0.0,NaN,2,false,window_clipped
13.66,3.601,8.0,60.0,95.0,false,false,false,0,true,false,0.0,0.0,0.249826,0.0,0.249826,0.556743,0.0133254,1.0,0.0,0.0,NaN,2,false,window_clipped
13.66,4.322,8.0,60.0,95.0,false,false,false,0,true,false,0.0,0.0,0.249826,0.0,0.249826,0.556743,0.0133254,1.0,0.0,0.0,NaN,2,false,window_clipped
13.66,5.188,8.0,60.0,95.0,false,false,false,0,true,false,0.0,0.0,0.249826,0.0,0.249826,0.556743,0.0133254,1.0,0.0,0.0,NaN,2,false,window_clipped
13.66,6.227,8.0,60.0,95.0,false,false,false,0,true,false,0.0,0.0,0.249826,0.0,0.249826,0.556743,0.0133254,1.0,0.0,0.0,NaN,2,false,window_clipped
13.66,7.475,8.0,60.0,95.0,false,false,false,0,true,false,0.0,0.0,0.249826,0.0,0.249826,0.556743,0.0133254,1.0,0.0,0.0,NaN,2,false,window_clipped
13.66,8.972,8.0,60.0,95.0,true,false,false,0,true,false,0.556743,0.0,0.249826,0.0,0.806569,0.556743,0.0133254,1.0,0.69026,0.0,Inf,1,true,selective_gate
13.66,10.77,8.0,60.0,95.0,true,false,false,0,true,false,0.556743,0.0,0.249826,0.0,0.806569,0.556743,0.0133254,1.0,0.69026,0.0,Inf,1,true,selective_gate
13.66,12.93,8.0,60.0,95.0,true,false,false,0,true,false,0.556743,0.0,0.249826,0.0,0.806569,0.556743,0.0133254,1.0,0.69026,0.0,Inf,1,true,selective_gate
13.66,15.52,8.0,60.0,95.0,true,false,false,0,true,false,0.556743,0.0,0.249826,0.0,0.806569,0.556743,0.0133254,1.0,0.69026,0.0,Inf,1,true,selective_gate
13.66,18.62,8.0,60.0,95.0,true,false,false,0,true,false,0.556743,0.0,0.249826,0.0,0.806569,0.556743,0.0133254,1.0,0.69026,0.0,Inf,1,true,selective_gate
13.66,22.35,8.0,60.0,95.0,true,false,false,0,true,false,0.556743,0.0,0.249826,0.0,0.806569,0.556743,0.0133254,1.0,0.69026,0.0,Inf,1,true,selective_gate
13.66,26.83,8.0,60.0,95.0,true,false,false,0,true,false,0.556743,0.0,0.249826,0.0,0.806569,0.556743,0.0133254,1.0,0.69026,0.0,Inf,1,true,selective_gate
13.66,32.21,8.0,60.0,95.0,true,false,false,0,true,false,0.556743,0.0,0.249826,0.0,0.806569,0.556743,0.0133254,1.0,0.69026,0.0,Inf,1,true,selective_gate
13.66,38.66,8.0,60.0,95.0,true,false,false,0,true,false,0.556743,0.0,0.249826,0.0,0.806569,0.556743,0.0133254,1.0,0.69026,0.0,Inf,1,true,selective_gate
13.66,46.4,8.0,60.0,95.0,true,false,false,0,true,false,0.556743,0.0,0.249826,0.0,0.806569,0.556743,0.0133254,1.0,0.69026,0.0,Inf,1,true,selective_gate
13.66,55.7,8.0,60.0,95.0,true,false,false,0,true,false,0.556743,0.0,0.249826,0.0,0.806569,0.556743,0.0133254,1.0,0.69026,0.0,Inf,1,true,selective_gate
13.66,66.86,8.0,60.0,95.0,true,true,false,1,true,false,0.556743,0.0123712,0.249826,0.0,0.818941,0.556743,0.0133254,0.0716094,0.679833,0.0217376,45.0033,1,true,soft_decay
13.66,80.25,8.0,60.0,95.0,true,true,false,1,true,false,0.556743,0.0123712,0.249826,0.0,0.818941,0.556743,0.0133254,0.0716094,0.679833,0.0217376,45.0033,1,true,soft_decay
13.66,96.32,8.0,60.0,95.0,true,true,true,2,true,false,0.556743,0.0133254,0.249826,0.0,0.819895,0.556743,0.0133254,0.0,0.679042,0.0233751,41.7806,1,true,soft_decay
13.66,115.6,8.0,60.0,95.0,true,true,true,2,true,false,0.556743,0.0133254,0.249826,0.0,0.819895,0.556743,0.0133254,0.0,0.679042,0.0233751,41.7806,1,true,soft_decay
13.66,138.8,8.0,60.0,95.0,true,true,true,2,true,false,0.556743,0.0133254,0.249826,0.0,0.819895,0.556743,0.0133254,0.0,0.679042,0.0233751,41.7806,1,true,soft_decay
13.66,166.6,8.0,60.0,95.0,true,true,true,2,true,true,0.556743,0.0133254,0.249826,1.53204e-5,0.81991,0.556743,0.0133254,0.0,0.679029,0.0233751,41.7806,1,true,soft_decay
13.66,199.9,8.0,60.0,95.0,true,true,true,2,true,true,0.556743,0.0133254,0.249826,1.53204e-5,0.81991,0.556743,0.0133254,0.0,0.679029,0.0233751,41.7806,1,true,soft_decay
13.66,240.0,8.0,60.0,95.0,true,true,true,2,true,true,0.556743,0.0133254,0.249826,1.53204e-5,0.81991,0.556743,0.0133254,0.0,0.679029,0.0233751,41.7806,1,true,soft_decay
17.32,3.0,8.0,60.0,95.0,false,false,false,0,true,false,0.0,0.0,0.259678,0.0,0.259678,0.630089,0.0354465,1.0,0.0,0.0,NaN,2,false,window_clipped
17.32,3.601,8.0,60.0,95.0,false,false,false,0,true,false,0.0,0.0,0.259678,0.0,0.259678,0.630089,0.0354465,1.0,0.0,0.0,NaN,2,false,window_clipped
17.32,4.322,8.0,60.0,95.0,false,false,false,0,true,false,0.0,0.0,0.259678,0.0,0.259678,0.630089,0.0354465,1.0,0.0,0.0,NaN,2,false,window_clipped
17.32,5.188,8.0,60.0,95.0,false,false,false,0,true,false,0.0,0.0,0.259678,0.0,0.259678,0.630089,0.0354465,1.0,0.0,0.0,NaN,2,false,window_clipped
17.32,6.227,8.0,60.0,95.0,false,false,false,0,true,false,0.0,0.0,0.259678,0.0,0.259678,0.630089,0.0354465,1.0,0.0,0.0,NaN,2,false,window_clipped
17.32,7.475,8.0,60.0,95.0,false,false,false,0,true,false,0.0,0.0,0.259678,0.0,0.259678,0.630089,0.0354465,1.0,0.0,0.0,NaN,2,false,window_clipped
17.32,8.972,8.0,60.0,95.0,true,false,false,0,true,false,0.630089,0.0,0.259678,0.0,0.889767,0.630089,0.0354465,1.0,0.708151,0.0,Inf,1,true,selective_gate
17.32,10.77,8.0,60.0,95.0,true,false,false,0,true,false,0.630089,0.0,0.259678,0.0,0.889767,0.630089,0.0354465,1.0,0.708151,0.0,Inf,1,true,selective_gate
17.32,12.93,8.0,60.0,95.0,true,false,false,0,true,false,0.630089,0.0,0.259678,0.0,0.889767,0.630089,0.0354465,1.0,0.708151,0.0,Inf,1,true,selective_gate
17.32,15.52,8.0,60.0,95.0,true,false,false,0,true,false,0.630089,0.0,0.259678,0.0,0.889767,0.630089,0.0354465,1.0,0.708151,0.0,Inf,1,true,selective_gate
17.32,18.62,8.0,60.0,95.0,true,false,false,0,true,false,0.630089,0.0,0.259678,0.0,0.889767,0.630089,0.0354465,1.0,0.708151,0.0,Inf,1,true,selective_gate
17.32,22.35,8.0,60.0,95.0,true,false,false,0,true,false,0.630089,0.0,0.259678,0.0,0.889767,0.630089,0.0354465,1.0,0.708151,0.0,Inf,1,true,selective_gate
17.32,26.83,8.0,60.0,95.0,true,false,false,0,true,false,0.630089,0.0,0.259678,0.0,0.889767,0.630089,0.0354465,1.0,0.708151,0.0,Inf,1,true,selective_gate
17.32,32.21,8.0,60.0,95.0,true,false,false,0,true,false,0.630089,0.0,0.259678,0.0,0.889767,0.630089,0.0354465,1.0,0.708151,0.0,Inf,1,true,selective_gate
17.32,38.66,8.0,60.0,95.0,true,false,false,0,true,false,0.630089,0.0,0.259678,0.0,0.889767,0.630089,0.0354465,1.0,0.708151,0.0,Inf,1,true,selective_gate
17.32,46.4,8.0,60.0,95.0,true,false,false,0,true,false,0.630089,0.0,0.259678,0.0,0.889767,0.630089,0.0354465,1.0,0.708151,0.0,Inf,1,true,selective_gate
17.32,55.7,8.0,60.0,95.0,true,false,false,0,true,false,0.630089,0.0,0.259678,0.0,0.889767,0.630089,0.0354465,1.0,0.708151,0.0,Inf,1,true,selective_gate
17.32,66.86,8.0,60.0,95.0,true,true,false,1,true,false,0.630089,0.0312979,0.259678,0.0,0.921065,0.630089,0.0354465,0.117038,0.684088,0.0473216,20.132,1,true,soft_decay
17.32,80.25,8.0,60.0,95.0,true,true,false,1,true,false,0.630089,0.0312979,0.259678,0.0,0.921065,0.630089,0.0354465,0.117038,0.684088,0.0473216,20.132,1,true,soft_decay
17.32,96.32,8.0,60.0,95.0,true,true,true,2,true,false,0.630089,0.0354465,0.259678,0.0,0.925213,0.630089,0.0354465,0.0,0.681021,0.0532601,17.7758,1,true,soft_decay
17.32,115.6,8.0,60.0,95.0,true,true,true,2,true,false,0.630089,0.0354465,0.259678,0.0,0.925213,0.630089,0.0354465,0.0,0.681021,0.0532601,17.7758,1,true,soft_decay
17.32,138.8,8.0,60.0,95.0,true,true,true,2,true,false,0.630089,0.0354465,0.259678,0.0,0.925213,0.630089,0.0354465,0.0,0.681021,0.0532601,17.7758,1,true,soft_decay
17.32,166.6,8.0,60.0,95.0,true,true,true,2,true,true,0.630089,0.0354465,0.259678,0.000155967,0.925369,0.630089,0.0354465,0.0,0.680906,0.0532601,17.7758,1,true,soft_decay
17.32,199.9,8.0,60.0,95.0,true,true,true,2,true,true,0.630089,0.0354465,0.259678,0.000155967,0.925369,0.630089,0.0354465,0.0,0.680906,0.0532601,17.7758,1,true,soft_decay
17.32,240.0,8.0,60.0,95.0,true,true,true,2,true,true,0.630089,0.0354465,0.259678,0.000155967,0.925369,0.630089,0.0354465,0.0,0.680906,0.0532601,17.7758,1,true,soft_decay
21.97,3.0,8.0,60.0,95.0,false,false,false,0,true,false,0.0,0.0,0.267733,0.0,0.267733,0.694799,0.0784,1.0,0.0,0.0,NaN,2,false,window_clipped
21.97,3.601,8.0,60.0,95.0,false,false,false,0,true,false,0.0,0.0,0.267733,0.0,0.267733,0.694799,0.0784,1.0,0.0,0.0,NaN,2,false,window_clipped
21.97,4.322,8.0,60.0,95.0,false,false,false,0,true,false,0.0,0.0,0.267733,0.0,0.267733,0.694799,0.0784,1.0,0.0,0.0,NaN,2,false,window_clipped
21.97,5.188,8.0,60.0,95.0,false,false,false,0,true,false,0.0,0.0,0.267733,0.0,0.267733,0.694799,0.0784,1.0,0.0,0.0,NaN,2,false,window_clipped
21.97,6.227,8.0,60.0,95.0,false,false,false,0,true,false,0.0,0.0,0.267733,0.0,0.267733,0.694799,0.0784,1.0,0.0,0.0,NaN,2,false,window_clipped
21.97,7.475,8.0,60.0,95.0,false,false,false,0,true,false,0.0,0.0,0.267733,0.0,0.267733,0.694799,0.0784,1.0,0.0,0.0,NaN,2,false,window_clipped
21.97,8.972,8.0,60.0,95.0,true,false,false,0,true,false,0.694799,0.0,0.267733,0.0,0.962532,0.694799,0.0784,1.0,0.721845,0.0,Inf,1,true,selective_gate
21.97,10.77,8.0,60.0,95.0,true,false,false,0,true,false,0.694799,0.0,0.267733,0.0,0.962532,0.694799,0.0784,1.0,0.721845,0.0,Inf,1,true,selective_gate
21.97,12.93,8.0,60.0,95.0,true,false,false,0,true,false,0.694799,0.0,0.267733,0.0,0.962532,0.694799,0.0784,1.0,0.721845,0.0,Inf,1,true,selective_gate
21.97,15.52,8.0,60.0,95.0,true,false,false,0,true,false,0.694799,0.0,0.267733,0.0,0.962532,0.694799,0.0784,1.0,0.721845,0.0,Inf,1,true,selective_gate
21.97,18.62,8.0,60.0,95.0,true,false,false,0,true,false,0.694799,0.0,0.267733,0.0,0.962532,0.694799,0.0784,1.0,0.721845,0.0,Inf,1,true,selective_gate
21.97,22.35,8.0,60.0,95.0,true,false,false,0,true,false,0.694799,0.0,0.267733,0.0,0.962532,0.694799,0.0784,1.0,0.721845,0.0,Inf,1,true,selective_gate
21.97,26.83,8.0,60.0,95.0,true,false,false,0,true,false,0.694799,0.0,0.267733,0.0,0.962532,0.694799,0.0784,1.0,0.721845,0.0,Inf,1,true,selective_gate
21.97,32.21,8.0,60.0,95.0,true,false,false,0,true,false,0.694799,0.0,0.267733,0.0,0.962532,0.694799,0.0784,1.0,0.721845,0.0,Inf,1,true,selective_gate
21.97,38.66,8.0,60.0,95.0,true,false,false,0,true,false,0.694799,0.0,0.267733,0.0,0.962532,0.694799,0.0784,1.0,0.721845,0.0,Inf,1,true,selective_gate
21.97,46.4,8.0,60.0,95.0,true,false,false,0,true,false,0.694799,0.0,0.267733,0.0,0.962532,0.694799,0.0784,1.0,0.721845,0.0,Inf,1,true,selective_gate
21.97,55.7,8.0,60.0,95.0,true,false,false,0,true,false,0.694799,0.0,0.267733,0.0,0.962532,0.694799,0.0784,1.0,0.721845,0.0,Inf,1,true,selective_gate
21.97,66.86,8.0,60.0,95.0,true,true,false,1,true,false,0.694799,0.0651543,0.267733,0.0,1.02769,0.694799,0.0784,0.168951,0.676081,0.0857346,10.6639,1,true,soft_decay
21.97,80.25,8.0,60.0,95.0,true,true,false,1,true,false,0.694799,0.0651543,0.267733,0.0,1.02769,0.694799,0.0784,0.168951,0.676081,0.0857346,10.6639,1,true,soft_decay
21.97,96.32,8.0,60.0,95.0,true,true,true,2,true,false,0.694799,0.0784,0.267733,0.0,1.04093,0.694799,0.0784,0.0,0.667478,0.101397,8.86222,1,true,soft_decay
21.97,115.6,8.0,60.0,95.0,true,true,true,2,true,false,0.694799,0.0784,0.267733,0.0,1.04093,0.694799,0.0784,0.0,0.667478,0.101397,8.86222,1,true,soft_decay
21.97,138.8,8.0,60.0,95.0,true,true,true,2,true,false,0.694799,0.0784,0.267733,0.0,1.04093,0.694799,0.0784,0.0,0.667478,0.101397,8.86222,1,true,soft_decay
21.97,166.6,8.0,60.0,95.0,true,true,true,2,true,true,0.694799,0.0784,0.267733,0.000975215,1.04191,0.694799,0.0784,0.0,0.666853,0.101397,8.86222,1,true,soft_decay
21.97,199.9,8.0,60.0,95.0,true,true,true,2,true,true,0.694799,0.0784,0.267733,0.000975215,1.04191,0.694799,0.0784,0.0,0.666853,0.101397,8.86222,1,true,soft_decay
21.97,240.0,8.0,60.0,95.0,true,true,true,2,true,true,0.694799,0.0784,0.267733,0.000975215,1.04191,0.694799,0.0784,0.0,0.666853,0.101397,8.86222,1,true,soft_decay
27.86,3.0,8.0,60.0,95.0,false,false,false,0,true,false,0.0,0.0,0.274252,0.0,0.274252,0.750399,0.149107,1.0,0.0,0.0,NaN,2,false,window_clipped
27.86,3.601,8.0,60.0,95.0,false,false,false,0,true,false,0.0,0.0,0.274252,0.0,0.274252,0.750399,0.149107,1.0,0.0,0.0,NaN,2,false,window_clipped
27.86,4.322,8.0,60.0,95.0,false,false,false,0,true,false,0.0,0.0,0.274252,0.0,0.274252,0.750399,0.149107,1.0,0.0,0.0,NaN,2,false,window_clipped
27.86,5.188,8.0,60.0,95.0,false,false,false,0,true,false,0.0,0.0,0.274252,0.0,0.274252,0.750399,0.149107,1.0,0.0,0.0,NaN,2,false,window_clipped
27.86,6.227,8.0,60.0,95.0,false,false,false,0,true,false,0.0,0.0,0.274252,0.0,0.274252,0.750399,0.149107,1.0,0.0,0.0,NaN,2,false,window_clipped
27.86,7.475,8.0,60.0,95.0,false,false,false,0,true,false,0.0,0.0,0.274252,0.0,0.274252,0.750399,0.149107,1.0,0.0,0.0,NaN,2,false,window_clipped
27.86,8.972,8.0,60.0,95.0,true,false,false,0,true,false,0.750399,0.0,0.274252,0.0,1.02465,0.750399,0.149107,1.0,0.732346,0.0,Inf,1,true,selective_gate
27.86,10.77,8.0,60.0,95.0,true,false,false,0,true,false,0.750399,0.0,0.274252,0.0,1.02465,0.750399,0.149107,1.0,0.732346,0.0,Inf,1,true,selective_gate
27.86,12.93,8.0,60.0,95.0,true,false,false,0,true,false,0.750399,0.0,0.274252,0.0,1.02465,0.750399,0.149107,1.0,0.732346,0.0,Inf,1,true,selective_gate
27.86,15.52,8.0,60.0,95.0,true,false,false,0,true,false,0.750399,0.0,0.274252,0.0,1.02465,0.750399,0.149107,1.0,0.732346,0.0,Inf,1,true,selective_gate
27.86,18.62,8.0,60.0,95.0,true,false,false,0,true,false,0.750399,0.0,0.274252,0.0,1.02465,0.750399,0.149107,1.0,0.732346,0.0,Inf,1,true,selective_gate
27.86,22.35,8.0,60.0,95.0,true,false,false,0,true,false,0.750399,0.0,0.274252,0.0,1.02465,0.750399,0.149107,1.0,0.732346,0.0,Inf,1,true,selective_gate
27.86,26.83,8.0,60.0,95.0,true,false,false,0,true,false,0.750399,0.0,0.274252,0.0,1.02465,0.750399,0.149107,1.0,0.732346,0.0,Inf,1,true,selective_gate
27.86,32.21,8.0,60.0,95.0,true,false,false,0,true,false,0.750399,0.0,0.274252,0.0,1.02465,0.750399,0.149107,1.0,0.732346,0.0,Inf,1,true,selective_gate
27.86,38.66,8.0,60.0,95.0,true,false,false,0,true,false,0.750399,0.0,0.274252,0.0,1.02465,0.750399,0.149107,1.0,0.732346,0.0,Inf,1,true,selective_gate
27.86,46.4,8.0,60.0,95.0,true,false,false,0,true,false,0.750399,0.0,0.274252,0.0,1.02465,0.750399,0.149107,1.0,0.732346,0.0,Inf,1,true,selective_gate
27.86,55.7,8.0,60.0,95.0,true,false,false,0,true,false,0.750399,0.0,0.274252,0.0,1.02465,0.750399,0.149107,1.0,0.732346,0.0,Inf,1,true,selective_gate
27.86,66.86,8.0,60.0,95.0,true,true,false,1,true,false,0.750399,0.116063,0.274252,0.0,1.14071,0.750399,0.149107,0.221615,0.657833,0.13395,6.46547,1,true,soft_decay
27.86,80.25,8.0,60.0,95.0,true,true,false,1,true,false,0.750399,0.116063,0.274252,0.0,1.14071,0.750399,0.149107,0.221615,0.657833,0.13395,6.46547,1,true,soft_decay
27.86,96.32,8.0,60.0,95.0,true,true,true,2,true,false,0.750399,0.149107,0.274252,0.0,1.17376,0.750399,0.149107,0.0,0.639313,0.165765,5.03262,1,true,soft_decay
27.86,115.6,8.0,60.0,95.0,true,true,true,2,true,false,0.750399,0.149107,0.274252,0.0,1.17376,0.750399,0.149107,0.0,0.639313,0.165765,5.03262,1,true,soft_decay
27.86,138.8,8.0,60.0,95.0,true,true,true,2,true,false,0.750399,0.149107,0.274252,0.0,1.17376,0.750399,0.149107,0.0,0.639313,0.165765,5.03262,1,true,soft_decay
27.86,166.6,8.0,60.0,95.0,true,true,true,2,true,true,0.750399,0.149107,0.274252,0.00413022,1.17789,0.750399,0.149107,0.0,0.637071,0.165765,5.03262,1,true,soft_decay
27.86,199.9,8.0,60.0,95.0,true,true,true,2,true,true,0.750399,0.149107,0.274252,0.00413022,1.17789,0.750399,0.149107,0.0,0.637071,0.165765,5.03262,1,true,soft_decay
27.86,240.0,8.0,60.0,95.0,true,true,true,2,true,true,0.750399,0.149107,0.274252,0.00413022,1.17789,0.750399,0.149107,0.0,0.637071,0.165765,5.03262,1,true,soft_decay
35.33,3.0,8.0,60.0,95.0,false,false,false,0,true,false,0.0,0.0,0.279505,0.0,0.279505,0.79737,0.250953,1.0,0.0,0.0,NaN,2,false,window_clipped
35.33,3.601,8.0,60.0,95.0,false,false,false,0,true,false,0.0,0.0,0.279505,0.0,0.279505,0.79737,0.250953,1.0,0.0,0.0,NaN,2,false,window_clipped
35.33,4.322,8.0,60.0,95.0,false,false,false,0,true,false,0.0,0.0,0.279505,0.0,0.279505,0.79737,0.250953,1.0,0.0,0.0,NaN,2,false,window_clipped
35.33,5.188,8.0,60.0,95.0,false,false,false,0,true,false,0.0,0.0,0.279505,0.0,0.279505,0.79737,0.250953,1.0,0.0,0.0,NaN,2,false,window_clipped
35.33,6.227,8.0,60.0,95.0,false,false,false,0,true,false,0.0,0.0,0.279505,0.0,0.279505,0.79737,0.250953,1.0,0.0,0.0,NaN,2,false,window_clipped
35.33,7.475,8.0,60.0,95.0,false,false,false,0,true,false,0.0,0.0,0.279505,0.0,0.279505,0.79737,0.250953,1.0,0.0,0.0,NaN,2,false,window_clipped
35.33,8.972,8.0,60.0,95.0,true,false,false,0,true,false,0.79737,0.0,0.279505,0.0,1.07688,0.79737,0.250953,1.0,0.740448,0.0,Inf,1,true,selective_gate
35.33,10.77,8.0,60.0,95.0,true,false,false,0,true,false,0.79737,0.0,0.279505,0.0,1.07688,0.79737,0.250953,1.0,0.740448,0.0,Inf,1,true,selective_gate
35.33,12.93,8.0,60.0,95.0,true,false,false,0,true,false,0.79737,0.0,0.279505,0.0,1.07688,0.79737,0.250953,1.0,0.740448,0.0,Inf,1,true,selective_gate
35.33,15.52,8.0,60.0,95.0,true,false,false,0,true,false,0.79737,0.0,0.279505,0.0,1.07688,0.79737,0.250953,1.0,0.740448,0.0,Inf,1,true,selective_gate
35.33,18.62,8.0,60.0,95.0,true,false,false,0,true,false,0.79737,0.0,0.279505,0.0,1.07688,0.79737,0.250953,1.0,0.740448,0.0,Inf,1,true,selective_gate
35.33,22.35,8.0,60.0,95.0,true,false,false,0,true,false,0.79737,0.0,0.279505,0.0,1.07688,0.79737,0.250953,1.0,0.740448,0.0,Inf,1,true,selective_gate
35.33,26.83,8.0,60.0,95.0,true,false,false,0,true,false,0.79737,0.0,0.279505,0.0,1.07688,0.79737,0.250953,1.0,0.740448,0.0,Inf,1,true,selective_gate
35.33,32.21,8.0,60.0,95.0,true,false,false,0,true,false,0.79737,0.0,0.279505,0.0,1.07688,0.79737,0.250953,1.0,0.740448,0.0,Inf,1,true,selective_gate
35.33,38.66,8.0,60.0,95.0,true,false,false,0,true,false,0.79737,0.0,0.279505,0.0,1.07688,0.79737,0.250953,1.0,0.740448,0.0,Inf,1,true,selective_gate
35.33,46.4,8.0,60.0,95.0,true,false,false,0,true,false,0.79737,0.0,0.279505,0.0,1.07688,0.79737,0.250953,1.0,0.740448,0.0,Inf,1,true,selective_gate
35.33,55.7,8.0,60.0,95.0,true,false,false,0,true,false,0.79737,0.0,0.279505,0.0,1.07688,0.79737,0.250953,1.0,0.740448,0.0,Inf,1,true,selective_gate
35.33,66.86,8.0,60.0,95.0,true,true,false,1,true,false,0.79737,0.182999,0.279505,0.0,1.25987,0.79737,0.250953,0.270782,0.632896,0.186664,4.35723,1,true,soft_decay
35.33,80.25,8.0,60.0,95.0,true,true,false,1,true,false,0.79737,0.182999,0.279505,0.0,1.25987,0.79737,0.250953,0.270782,0.632896,0.186664,4.35723,1,true,soft_decay
35.33,96.32,8.0,60.0,95.0,true,true,true,2,true,false,0.79737,0.250953,0.279505,0.0,1.32783,0.79737,0.250953,0.0,0.600507,0.239385,3.17737,1,true,over_retentive
35.33,115.6,8.0,60.0,95.0,true,true,true,2,true,false,0.79737,0.250953,0.279505,0.0,1.32783,0.79737,0.250953,0.0,0.600507,0.239385,3.17737,1,true,over_retentive
35.33,138.8,8.0,60.0,95.0,true,true,true,2,true,false,0.79737,0.250953,0.279505,0.0,1.32783,0.79737,0.250953,0.0,0.600507,0.239385,3.17737,1,true,over_retentive
35.33,166.6,8.0,60.0,95.0,true,true,true,2,true,true,0.79737,0.250953,0.279505,0.0128933,1.34072,0.79737,0.250953,0.0,0.594732,0.239385,3.17737,1,true,over_retentive
35.33,199.9,8.0,60.0,95.0,true,true,true,2,true,true,0.79737,0.250953,0.279505,0.0128933,1.34072,0.79737,0.250953,0.0,0.594732,0.239385,3.17737,1,true,over_retentive
35.33,240.0,8.0,60.0,95.0,true,true,true,2,true,true,0.79737,0.250953,0.279505,0.0128933,1.34072,0.79737,0.250953,0.0,0.594732,0.239385,3.17737,1,true,over_retentive
44.81,3.0,8.0,60.0,95.0,false,false,false,0,true,false,0.0,0.0,0.283721,0.0,0.283721,0.836498,0.382135,1.0,0.0,0.0,NaN,2,false,window_clipped
44.81,3.601,8.0,60.0,95.0,false,false,false,0,true,false,0.0,0.0,0.283721,0.0,0.283721,0.836498,0.382135,1.0,0.0,0.0,NaN,2,false,window_clipped
44.81,4.322,8.0,60.0,95.0,false,false,false,0,true,false,0.0,0.0,0.283721,0.0,0.283721,0.836498,0.382135,1.0,0.0,0.0,NaN,2,false,window_clipped
44.81,5.188,8.0,60.0,95.0,false,false,false,0,true,false,0.0,0.0,0.283721,0.0,0.283721,0.836498,0.382135,1.0,0.0,0.0,NaN,2,false,window_clipped
44.81,6.227,8.0,60.0,95.0,false,false,false,0,true,false,0.0,0.0,0.283721,0.0,0.283721,0.836498,0.382135,1.0,0.0,0.0,NaN,2,false,window_clipped
44.81,7.475,8.0,60.0,95.0,false,false,false,0,true,false,0.0,0.0,0.283721,0.0,0.283721,0.836498,0.382135,1.0,0.0,0.0,NaN,2,false,window_clipped
44.81,8.972,8.0,60.0,95.0,true,false,false,0,true,false,0.836498,0.0,0.283721,0.0,1.12022,0.836498,0.382135,1.0,0.746727,0.0,Inf,1,true,selective_gate
44.81,10.77,8.0,60.0,95.0,true,false,false,0,true,false,0.836498,0.0,0.283721,0.0,1.12022,0.836498,0.382135,1.0,0.746727,0.0,Inf,1,true,selective_gate
44.81,12.93,8.0,60.0,95.0,true,false,false,0,true,false,0.836498,0.0,0.283721,0.0,1.12022,0.836498,0.382135,1.0,0.746727,0.0,Inf,1,true,selective_gate
44.81,15.52,8.0,60.0,95.0,true,false,false,0,true,false,0.836498,0.0,0.283721,0.0,1.12022,0.836498,0.382135,1.0,0.746727,0.0,Inf,1,true,selective_gate
44.81,18.62,8.0,60.0,95.0,true,false,false,0,true,false,0.836498,0.0,0.283721,0.0,1.12022,0.836498,0.382135,1.0,0.746727,0.0,Inf,1,true,selective_gate
44.81,22.35,8.0,60.0,95.0,true,false,false,0,true,false,0.836498,0.0,0.283721,0.0,1.12022,0.836498,0.382135,1.0,0.746727,0.0,Inf,1,true,selective_gate
44.81,26.83,8.0,60.0,95.0,true,false,false,0,true,false,0.836498,0.0,0.283721,0.0,1.12022,0.836498,0.382135,1.0,0.746727,0.0,Inf,1,true,selective_gate
44.81,32.21,8.0,60.0,95.0,true,false,false,0,true,false,0.836498,0.0,0.283721,0.0,1.12022,0.836498,0.382135,1.0,0.746727,0.0,Inf,1,true,selective_gate
44.81,38.66,8.0,60.0,95.0,true,false,false,0,true,false,0.836498,0.0,0.283721,0.0,1.12022,0.836498,0.382135,1.0,0.746727,0.0,Inf,1,true,selective_gate
44.81,46.4,8.0,60.0,95.0,true,false,false,0,true,false,0.836498,0.0,0.283721,0.0,1.12022,0.836498,0.382135,1.0,0.746727,0.0,Inf,1,true,selective_gate
44.81,55.7,8.0,60.0,95.0,true,false,false,0,true,false,0.836498,0.0,0.283721,0.0,1.12022,0.836498,0.382135,1.0,0.746727,0.0,Inf,1,true,selective_gate
44.81,66.86,8.0,60.0,95.0,true,true,false,1,true,false,0.836498,0.262111,0.283721,0.0,1.38233,0.836498,0.382135,0.314088,0.605136,0.238585,3.19139,1,true,over_retentive
44.81,80.25,8.0,60.0,95.0,true,true,false,1,true,false,0.836498,0.262111,0.283721,0.0,1.38233,0.836498,0.382135,0.314088,0.605136,0.238585,3.19139,1,true,over_retentive
44.81,96.32,8.0,60.0,95.0,true,true,true,2,true,false,0.836498,0.382135,0.283721,0.0,1.50235,0.836498,0.382135,0.0,0.556791,0.313577,2.18901,1,true,over_retentive
44.81,115.6,8.0,60.0,95.0,true,true,true,2,true,false,0.836498,0.382135,0.283721,0.0,1.50235,0.836498,0.382135,0.0,0.556791,0.313577,2.18901,1,true,over_retentive
44.81,138.8,8.0,60.0,95.0,true,true,true,2,true,false,0.836498,0.382135,0.283721,0.0,1.50235,0.836498,0.382135,0.0,0.556791,0.313577,2.18901,1,true,over_retentive
44.81,166.6,8.0,60.0,95.0,true,true,true,2,true,true,0.836498,0.382135,0.283721,0.031656,1.53401,0.836498,0.382135,0.0,0.545301,0.313577,2.18901,1,true,over_retentive
44.81,199.9,8.0,60.0,95.0,true,true,true,2,true,true,0.836498,0.382135,0.283721,0.031656,1.53401,0.836498,0.382135,0.0,0.545301,0.313577,2.18901,1,true,over_retentive
44.81,240.0,8.0,60.0,95.0,true,true,true,2,true,true,0.836498,0.382135,0.283721,0.031656,1.53401,0.836498,0.382135,0.0,0.545301,0.313577,2.18901,1,true,over_retentive
56.84,3.0,8.0,60.0,95.0,false,false,false,0,true,false,0.0,0.0,0.287091,0.0,0.287091,0.86871,0.535977,1.0,0.0,0.0,NaN,2,false,window_clipped
56.84,3.601,8.0,60.0,95.0,false,false,false,0,true,false,0.0,0.0,0.287091,0.0,0.287091,0.86871,0.535977,1.0,0.0,0.0,NaN,2,false,window_clipped
56.84,4.322,8.0,60.0,95.0,false,false,false,0,true,false,0.0,0.0,0.287091,0.0,0.287091,0.86871,0.535977,1.0,0.0,0.0,NaN,2,false,window_clipped
56.84,5.188,8.0,60.0,95.0,false,false,false,0,true,false,0.0,0.0,0.287091,0.0,0.287091,0.86871,0.535977,1.0,0.0,0.0,NaN,2,false,window_clipped
56.84,6.227,8.0,60.0,95.0,false,false,false,0,true,false,0.0,0.0,0.287091,0.0,0.287091,0.86871,0.535977,1.0,0.0,0.0,NaN,2,false,window_clipped
56.84,7.475,8.0,60.0,95.0,false,false,false,0,true,false,0.0,0.0,0.287091,0.0,0.287091,0.86871,0.535977,1.0,0.0,0.0,NaN,2,false,window_clipped
56.84,8.972,8.0,60.0,95.0,true,false,false,0,true,false,0.86871,0.0,0.287091,0.0,1.1558,0.86871,0.535977,1.0,0.751609,0.0,Inf,1,true,selective_gate
56.84,10.77,8.0,60.0,95.0,true,false,false,0,true,false,0.86871,0.0,0.287091,0.0,1.1558,0.86871,0.535977,1.0,0.751609,0.0,Inf,1,true,selective_gate
56.84,12.93,8.0,60.0,95.0,true,false,false,0,true,false,0.86871,0.0,0.287091,0.0,1.1558,0.86871,0.535977,1.0,0.751609,0.0,Inf,1,true,selective_gate
56.84,15.52,8.0,60.0,95.0,true,false,false,0,true,false,0.86871,0.0,0.287091,0.0,1.1558,0.86871,0.535977,1.0,0.751609,0.0,Inf,1,true,selective_gate
56.84,18.62,8.0,60.0,95.0,true,false,false,0,true,false,0.86871,0.0,0.287091,0.0,1.1558,0.86871,0.535977,1.0,0.751609,0.0,Inf,1,true,selective_gate
56.84,22.35,8.0,60.0,95.0,true,false,false,0,true,false,0.86871,0.0,0.287091,0.0,1.1558,0.86871,0.535977,1.0,0.751609,0.0,Inf,1,true,selective_gate
56.84,26.83,8.0,60.0,95.0,true,false,false,0,true,false,0.86871,0.0,0.287091,0.0,1.1558,0.86871,0.535977,1.0,0.751609,0.0,Inf,1,true,selective_gate
56.84,32.21,8.0,60.0,95.0,true,false,false,0,true,false,0.86871,0.0,0.287091,0.0,1.1558,0.86871,0.535977,1.0,0.751609,0.0,Inf,1,true,selective_gate
56.84,38.66,8.0,60.0,95.0,true,false,false,0,true,false,0.86871,0.0,0.287091,0.0,1.1558,0.86871,0.535977,1.0,0.751609,0.0,Inf,1,true,selective_gate
56.84,46.4,8.0,60.0,95.0,true,false,false,0,true,false,0.86871,0.0,0.287091,0.0,1.1558,0.86871,0.535977,1.0,0.751609,0.0,Inf,1,true,selective_gate
56.84,55.7,8.0,60.0,95.0,true,false,false,0,true,false,0.86871,0.0,0.287091,0.0,1.1558,0.86871,0.535977,1.0,0.751609,0.0,Inf,1,true,selective_gate
56.84,66.86,8.0,60.0,95.0,true,true,false,1,true,false,0.86871,0.347985,0.287091,0.0,1.50379,0.86871,0.535977,0.350746,0.577682,0.286009,2.4964,1,true,over_retentive
56.84,80.25,8.0,60.0,95.0,true,true,false,1,true,false,0.86871,0.347985,0.287091,0.0,1.50379,0.86871,0.535977,0.350746,0.577682,0.286009,2.4964,1,true,over_retentive
56.84,96.32,8.0,60.0,95.0,true,true,true,2,true,false,0.86871,0.535977,0.287091,0.0,1.69178,0.86871,0.535977,0.0,0.513489,0.381563,1.6208,1,true,over_retentive
56.84,115.6,8.0,60.0,95.0,true,true,true,2,true,false,0.86871,0.535977,0.287091,0.0,1.69178,0.86871,0.535977,0.0,0.513489,0.381563,1.6208,1,true,over_retentive
56.84,138.8,8.0,60.0,95.0,true,true,true,2,true,false,0.86871,0.535977,0.287091,0.0,1.69178,0.86871,0.535977,0.0,0.513489,0.381563,1.6208,1,true,over_retentive
56.84,166.6,8.0,60.0,95.0,true,true,true,2,true,true,0.86871,0.535977,0.287091,0.0642903,1.75607,0.86871,0.535977,0.0,0.49469,0.381563,1.6208,1,true,over_retentive
56.84,199.9,8.0,60.0,95.0,true,true,true,2,true,true,0.86871,0.535977,0.287091,0.0642903,1.75607,0.86871,0.535977,0.0,0.49469,0.381563,1.6208,1,true,over_retentive
56.84,240.0,8.0,60.0,95.0,true,true,true,2,true,true,0.86871,0.535977,0.287091,0.0642903,1.75607,0.86871,0.535977,0.0,0.49469,0.381563,1.6208,1,true,over_retentive
72.08,3.0,8.0,60.0,95.0,false,false,false,0,true,false,0.0,0.0,0.289773,0.0,0.289773,0.89495,0.702676,1.0,0.0,0.0,NaN,2,false,window_clipped
72.08,3.601,8.0,60.0,95.0,false,false,false,0,true,false,0.0,0.0,0.289773,0.0,0.289773,0.89495,0.702676,1.0,0.0,0.0,NaN,2,false,window_clipped
72.08,4.322,8.0,60.0,95.0,false,false,false,0,true,false,0.0,0.0,0.289773,0.0,0.289773,0.89495,0.702676,1.0,0.0,0.0,NaN,2,false,window_clipped
72.08,5.188,8.0,60.0,95.0,false,false,false,0,true,false,0.0,0.0,0.289773,0.0,0.289773,0.89495,0.702676,1.0,0.0,0.0,NaN,2,false,window_clipped
72.08,6.227,8.0,60.0,95.0,false,false,false,0,true,false,0.0,0.0,0.289773,0.0,0.289773,0.89495,0.702676,1.0,0.0,0.0,NaN,2,false,window_clipped
72.08,7.475,8.0,60.0,95.0,false,false,false,0,true,false,0.0,0.0,0.289773,0.0,0.289773,0.89495,0.702676,1.0,0.0,0.0,NaN,2,false,window_clipped
72.08,8.972,8.0,60.0,95.0,true,false,false,0,true,false,0.89495,0.0,0.289773,0.0,1.18472,0.89495,0.702676,1.0,0.755408,0.0,Inf,1,true,selective_gate
72.08,10.77,8.0,60.0,95.0,true,false,false,0,true,false,0.89495,0.0,0.289773,0.0,1.18472,0.89495,0.702676,1.0,0.755408,0.0,Inf,1,true,selective_gate
72.08,12.93,8.0,60.0,95.0,true,false,false,0,true,false,0.89495,0.0,0.289773,0.0,1.18472,0.89495,0.702676,1.0,0.755408,0.0,Inf,1,true,selective_gate
72.08,15.52,8.0,60.0,95.0,true,false,false,0,true,false,0.89495,0.0,0.289773,0.0,1.18472,0.89495,0.702676,1.0,0.755408,0.0,Inf,1,true,selective_gate
72.08,18.62,8.0,60.0,95.0,true,false,false,0,true,false,0.89495,0.0,0.289773,0.0,1.18472,0.89495,0.702676,1.0,0.755408,0.0,Inf,1,true,selective_gate
72.08,22.35,8.0,60.0,95.0,true,false,false,0,true,false,0.89495,0.0,0.289773,0.0,1.18472,0.89495,0.702676,1.0,0.755408,0.0,Inf,1,true,selective_gate
72.08,26.83,8.0,60.0,95.0,true,false,false,0,true,false,0.89495,0.0,0.289773,0.0,1.18472,0.89495,0.702676,1.0,0.755408,0.0,Inf,1,true,selective_gate
72.08,32.21,8.0,60.0,95.0,true,false,false,0,true,false,0.89495,0.0,0.289773,0.0,1.18472,0.89495,0.702676,1.0,0.755408,0.0,Inf,1,true,selective_gate
72.08,38.66,8.0,60.0,95.0,true,false,false,0,true,false,0.89495,0.0,0.289773,0.0,1.18472,0.89495,0.702676,1.0,0.755408,0.0,Inf,1,true,selective_gate
72.08,46.4,8.0,60.0,95.0,true,false,false,0,true,false,0.89495,0.0,0.289773,0.0,1.18472,0.89495,0.702676,1.0,0.755408,0.0,Inf,1,true,selective_gate
72.08,55.7,8.0,60.0,95.0,true,false,false,0,true,false,0.89495,0.0,0.289773,0.0,1.18472,0.89495,0.702676,1.0,0.755408,0.0,Inf,1,true,selective_gate
72.08,66.86,8.0,60.0,95.0,true,true,false,1,true,false,0.89495,0.435,0.289773,0.0,1.61972,0.89495,0.702676,0.380937,0.552532,0.32708,2.05735,1,true,over_retentive
72.08,80.25,8.0,60.0,95.0,true,true,false,1,true,false,0.89495,0.435,0.289773,0.0,1.61972,0.89495,0.702676,0.380937,0.552532,0.32708,2.05735,1,true,over_retentive
72.08,96.32,8.0,60.0,95.0,true,true,true,2,true,false,0.89495,0.702676,0.289773,0.0,1.8874,0.89495,0.702676,0.0,0.474171,0.439825,1.27363,1,true,over_retentive
72.08,115.6,8.0,60.0,95.0,true,true,true,2,true,false,0.89495,0.702676,0.289773,0.0,1.8874,0.89495,0.702676,0.0,0.474171,0.439825,1.27363,1,true,over_retentive
72.08,138.8,8.0,60.0,95.0,true,true,true,2,true,false,0.89495,0.702676,0.289773,0.0,1.8874,0.89495,0.702676,0.0,0.474171,0.439825,1.27363,1,true,over_retentive
72.08,166.6,8.0,60.0,95.0,true,true,true,2,true,true,0.89495,0.702676,0.289773,0.112322,1.99972,0.89495,0.702676,0.0,0.447537,0.439825,1.27363,1,true,over_retentive
72.08,199.9,8.0,60.0,95.0,true,true,true,2,true,true,0.89495,0.702676,0.289773,0.112322,1.99972,0.89495,0.702676,0.0,0.447537,0.439825,1.27363,1,true,over_retentive
72.08,240.0,8.0,60.0,95.0,true,true,true,2,true,true,0.89495,0.702676,0.289773,0.112322,1.99972,0.89495,0.702676,0.0,0.447537,0.439825,1.27363,1,true,over_retentive
91.42,3.0,8.0,60.0,95.0,false,false,false,0,true,false,0.0,0.0,0.291907,0.0,0.291907,0.916211,0.872513,1.0,0.0,0.0,NaN,2,false,window_clipped
91.42,3.601,8.0,60.0,95.0,false,false,false,0,true,false,0.0,0.0,0.291907,0.0,0.291907,0.916211,0.872513,1.0,0.0,0.0,NaN,2,false,window_clipped
91.42,4.322,8.0,60.0,95.0,false,false,false,0,true,false,0.0,0.0,0.291907,0.0,0.291907,0.916211,0.872513,1.0,0.0,0.0,NaN,2,false,window_clipped
91.42,5.188,8.0,60.0,95.0,false,false,false,0,true,false,0.0,0.0,0.291907,0.0,0.291907,0.916211,0.872513,1.0,0.0,0.0,NaN,2,false,window_clipped
91.42,6.227,8.0,60.0,95.0,false,false,false,0,true,false,0.0,0.0,0.291907,0.0,0.291907,0.916211,0.872513,1.0,0.0,0.0,NaN,2,false,window_clipped
91.42,7.475,8.0,60.0,95.0,false,false,false,0,true,false,0.0,0.0,0.291907,0.0,0.291907,0.916211,0.872513,1.0,0.0,0.0,NaN,2,false,window_clipped
91.42,8.972,8.0,60.0,95.0,true,false,false,0,true,false,0.916211,0.0,0.291907,0.0,1.20812,0.916211,0.872513,1.0,0.758379,0.0,Inf,1,true,selective_gate
91.42,10.77,8.0,60.0,95.0,true,false,false,0,true,false,0.916211,0.0,0.291907,0.0,1.20812,0.916211,0.872513,1.0,0.758379,0.0,Inf,1,true,selective_gate
91.42,12.93,8.0,60.0,95.0,true,false,false,0,true,false,0.916211,0.0,0.291907,0.0,1.20812,0.916211,0.872513,1.0,0.758379,0.0,Inf,1,true,selective_gate
91.42,15.52,8.0,60.0,95.0,true,false,false,0,true,false,0.916211,0.0,0.291907,0.0,1.20812,0.916211,0.872513,1.0,0.758379,0.0,Inf,1,true,selective_gate
91.42,18.62,8.0,60.0,95.0,true,false,false,0,true,false,0.916211,0.0,0.291907,0.0,1.20812,0.916211,0.872513,1.0,0.758379,0.0,Inf,1,true,selective_gate
91.42,22.35,8.0,60.0,95.0,true,false,false,0,true,false,0.916211,0.0,0.291907,0.0,1.20812,0.916211,0.872513,1.0,0.758379,0.0,Inf,1,true,selective_gate
91.42,26.83,8.0,60.0,95.0,true,false,false,0,true,false,0.916211,0.0,0.291907,0.0,1.20812,0.916211,0.872513,1.0,0.758379,0.0,Inf,1,true,selective_gate
91.42,32.21,8.0,60.0,95.0,true,false,false,0,true,false,0.916211,0.0,0.291907,0.0,1.20812,0.916211,0.872513,1.0,0.758379,0.0,Inf,1,true,selective_gate
91.42,38.66,8.0,60.0,95.0,true,false,false,0,true,false,0.916211,0.0,0.291907,0.0,1.20812,0.916211,0.872513,1.0,0.758379,0.0,Inf,1,true,selective_gate
91.42,46.4,8.0,60.0,95.0,true,false,false,0,true,false,0.916211,0.0,0.291907,0.0,1.20812,0.916211,0.872513,1.0,0.758379,0.0,Inf,1,true,selective_gate
91.42,55.7,8.0,60.0,95.0,true,false,false,0,true,false,0.916211,0.0,0.291907,0.0,1.20812,0.916211,0.872513,1.0,0.758379,0.0,Inf,1,true,selective_gate
91.42,66.86,8.0,60.0,95.0,true,true,false,1,true,false,0.916211,0.518761,0.291907,0.0,1.72688,0.916211,0.872513,0.40544,0.530559,0.361513,1.76615,1,true,over_retentive
91.42,80.25,8.0,60.0,95.0,true,true,false,1,true,false,0.916211,0.518761,0.291907,0.0,1.72688,0.916211,0.872513,0.40544,0.530559,0.361513,1.76615,1,true,over_retentive
91.42,96.32,8.0,60.0,95.0,true,true,true,2,true,false,0.916211,0.872513,0.291907,0.0,2.08063,0.916211,0.872513,0.0,0.440353,0.487785,1.05008,1,true,over_retentive
91.42,115.6,8.0,60.0,95.0,true,true,true,2,true,false,0.916211,0.872513,0.291907,0.0,2.08063,0.916211,0.872513,0.0,0.440353,0.487785,1.05008,1,true,over_retentive
91.42,138.8,8.0,60.0,95.0,true,true,true,2,true,false,0.916211,0.872513,0.291907,0.0,2.08063,0.916211,0.872513,0.0,0.440353,0.487785,1.05008,1,true,over_retentive
91.42,166.6,8.0,60.0,95.0,true,true,true,2,true,true,0.916211,0.872513,0.291907,0.174446,2.25508,0.916211,0.872513,0.0,0.406288,0.487785,1.05008,1,true,over_retentive
91.42,199.9,8.0,60.0,95.0,true,true,true,2,true,true,0.916211,0.872513,0.291907,0.174446,2.25508,0.916211,0.872513,0.0,0.406288,0.487785,1.05008,1,true,over_retentive
91.42,240.0,8.0,60.0,95.0,true,true,true,2,true,true,0.916211,0.872513,0.291907,0.174446,2.25508,0.916211,0.872513,0.0,0.406288,0.487785,1.05008,1,true,over_retentive
115.9,3.0,8.0,60.0,95.0,false,false,false,0,true,false,0.0,0.0,0.293598,0.0,0.293598,0.933303,1.03647,1.0,0.0,0.0,NaN,2,false,window_clipped
115.9,3.601,8.0,60.0,95.0,false,false,false,0,true,false,0.0,0.0,0.293598,0.0,0.293598,0.933303,1.03647,1.0,0.0,0.0,NaN,2,false,window_clipped
115.9,4.322,8.0,60.0,95.0,false,false,false,0,true,false,0.0,0.0,0.293598,0.0,0.293598,0.933303,1.03647,1.0,0.0,0.0,NaN,2,false,window_clipped
115.9,5.188,8.0,60.0,95.0,false,false,false,0,true,false,0.0,0.0,0.293598,0.0,0.293598,0.933303,1.03647,1.0,0.0,0.0,NaN,2,false,window_clipped
115.9,6.227,8.0,60.0,95.0,false,false,false,0,true,false,0.0,0.0,0.293598,0.0,0.293598,0.933303,1.03647,1.0,0.0,0.0,NaN,2,false,window_clipped
115.9,7.475,8.0,60.0,95.0,false,false,false,0,true,false,0.0,0.0,0.293598,0.0,0.293598,0.933303,1.03647,1.0,0.0,0.0,NaN,2,false,window_clipped
115.9,8.972,8.0,60.0,95.0,true,false,false,0,true,false,0.933303,0.0,0.293598,0.0,1.2269,0.933303,1.03647,1.0,0.760699,0.0,Inf,1,true,selective_gate
115.9,10.77,8.0,60.0,95.0,true,false,false,0,true,false,0.933303,0.0,0.293598,0.0,1.2269,0.933303,1.03647,1.0,0.760699,0.0,Inf,1,true,selective_gate
115.9,12.93,8.0,60.0,95.0,true,false,false,0,true,false,0.933303,0.0,0.293598,0.0,1.2269,0.933303,1.03647,1.0,0.760699,0.0,Inf,1,true,selective_gate
115.9,15.52,8.0,60.0,95.0,true,false,false,0,true,false,0.933303,0.0,0.293598,0.0,1.2269,0.933303,1.03647,1.0,0.760699,0.0,Inf,1,true,selective_gate
115.9,18.62,8.0,60.0,95.0,true,false,false,0,true,false,0.933303,0.0,0.293598,0.0,1.2269,0.933303,1.03647,1.0,0.760699,0.0,Inf,1,true,selective_gate
115.9,22.35,8.0,60.0,95.0,true,false,false,0,true,false,0.933303,0.0,0.293598,0.0,1.2269,0.933303,1.03647,1.0,0.760699,0.0,Inf,1,true,selective_gate
115.9,26.83,8.0,60.0,95.0,true,false,false,0,true,false,0.933303,0.0,0.293598,0.0,1.2269,0.933303,1.03647,1.0,0.760699,0.0,Inf,1,true,selective_gate
115.9,32.21,8.0,60.0,95.0,true,false,false,0,true,false,0.933303,0.0,0.293598,0.0,1.2269,0.933303,1.03647,1.0,0.760699,0.0,Inf,1,true,selective_gate
115.9,38.66,8.0,60.0,95.0,true,false,false,0,true,false,0.933303,0.0,0.293598,0.0,1.2269,0.933303,1.03647,1.0,0.760699,0.0,Inf,1,true,selective_gate
115.9,46.4,8.0,60.0,95.0,true,false,false,0,true,false,0.933303,0.0,0.293598,0.0,1.2269,0.933303,1.03647,1.0,0.760699,0.0,Inf,1,true,selective_gate
115.9,55.7,8.0,60.0,95.0,true,false,false,0,true,false,0.933303,0.0,0.293598,0.0,1.2269,0.933303,1.03647,1.0,0.760699,0.0,Inf,1,true,selective_gate
115.9,66.86,8.0,60.0,95.0,true,true,false,1,true,false,0.933303,0.595897,0.293598,0.0,1.8228,0.933303,1.03647,0.425072,0.512017,0.389679,1.56622,1,true,over_retentive
115.9,80.25,8.0,60.0,95.0,true,true,false,1,true,false,0.933303,0.595897,0.293598,0.0,1.8228,0.933303,1.03647,0.425072,0.512017,0.389679,1.56622,1,true,over_retentive
115.9,96.32,8.0,60.0,95.0,true,true,true,2,true,false,0.933303,1.03647,0.293598,0.0,2.26337,0.933303,1.03647,0.0,0.41235,0.526188,0.900461,1,true,over_retentive
115.9,115.6,8.0,60.0,95.0,true,true,true,2,true,false,0.933303,1.03647,0.293598,0.0,2.26337,0.933303,1.03647,0.0,0.41235,0.526188,0.900461,1,true,over_retentive
115.9,138.8,8.0,60.0,95.0,true,true,true,2,true,false,0.933303,1.03647,0.293598,0.0,2.26337,0.933303,1.03647,0.0,0.41235,0.526188,0.900461,1,true,over_retentive
115.9,166.6,8.0,60.0,95.0,true,true,true,2,true,true,0.933303,1.03647,0.293598,0.246701,2.51008,0.933303,1.03647,0.0,0.371823,0.526188,0.900461,1,true,over_retentive
115.9,199.9,8.0,60.0,95.0,true,true,true,2,true,true,0.933303,1.03647,0.293598,0.246701,2.51008,0.933303,1.03647,0.0,0.371823,0.526188,0.900461,1,true,over_retentive
115.9,240.0,8.0,60.0,95.0,true,true,true,2,true,true,0.933303,1.03647,0.293598,0.246701,2.51008,0.933303,1.03647,0.0,0.371823,0.526188,0.900461,1,true,over_retentive
147.1,3.0,8.0,60.0,95.0,false,false,false,0,true,false,0.0,0.0,0.294945,0.0,0.294945,0.947068,1.18929,1.0,0.0,0.0,NaN,2,false,window_clipped
147.1,3.601,8.0,60.0,95.0,false,false,false,0,true,false,0.0,0.0,0.294945,0.0,0.294945,0.947068,1.18929,1.0,0.0,0.0,NaN,2,false,window_clipped
147.1,4.322,8.0,60.0,95.0,false,false,false,0,true,false,0.0,0.0,0.294945,0.0,0.294945,0.947068,1.18929,1.0,0.0,0.0,NaN,2,false,window_clipped
147.1,5.188,8.0,60.0,95.0,false,false,false,0,true,false,0.0,0.0,0.294945,0.0,0.294945,0.947068,1.18929,1.0,0.0,0.0,NaN,2,false,window_clipped
147.1,6.227,8.0,60.0,95.0,false,false,false,0,true,false,0.0,0.0,0.294945,0.0,0.294945,0.947068,1.18929,1.0,0.0,0.0,NaN,2,false,window_clipped
147.1,7.475,8.0,60.0,95.0,false,false,false,0,true,false,0.0,0.0,0.294945,0.0,0.294945,0.947068,1.18929,1.0,0.0,0.0,NaN,2,false,window_clipped
147.1,8.972,8.0,60.0,95.0,true,false,false,0,true,false,0.947068,0.0,0.294945,0.0,1.24201,0.947068,1.18929,1.0,0.762527,0.0,Inf,1,true,selective_gate
147.1,10.77,8.0,60.0,95.0,true,false,false,0,true,false,0.947068,0.0,0.294945,0.0,1.24201,0.947068,1.18929,1.0,0.762527,0.0,Inf,1,true,selective_gate
147.1,12.93,8.0,60.0,95.0,true,false,false,0,true,false,0.947068,0.0,0.294945,0.0,1.24201,0.947068,1.18929,1.0,0.762527,0.0,Inf,1,true,selective_gate
147.1,15.52,8.0,60.0,95.0,true,false,false,0,true,false,0.947068,0.0,0.294945,0.0,1.24201,0.947068,1.18929,1.0,0.762527,0.0,Inf,1,true,selective_gate
147.1,18.62,8.0,60.0,95.0,true,false,false,0,true,false,0.947068,0.0,0.294945,0.0,1.24201,0.947068,1.18929,1.0,0.762527,0.0,Inf,1,true,selective_gate
147.1,22.35,8.0,60.0,95.0,true,false,false,0,true,false,0.947068,0.0,0.294945,0.0,1.24201,0.947068,1.18929,1.0,0.762527,0.0,Inf,1,true,selective_gate
147.1,26.83,8.0,60.0,95.0,true,false,false,0,true,false,0.947068,0.0,0.294945,0.0,1.24201,0.947068,1.18929,1.0,0.762527,0.0,Inf,1,true,selective_gate
147.1,32.21,8.0,60.0,95.0,true,false,false,0,true,false,0.947068,0.0,0.294945,0.0,1.24201,0.947068,1.18929,1.0,0.762527,0.0,Inf,1,true,selective_gate
147.1,38.66,8.0,60.0,95.0,true,false,false,0,true,false,0.947068,0.0,0.294945,0.0,1.24201,0.947068,1.18929,1.0,0.762527,0.0,Inf,1,true,selective_gate
147.1,46.4,8.0,60.0,95.0,true,false,false,0,true,false,0.947068,0.0,0.294945,0.0,1.24201,0.947068,1.18929,1.0,0.762527,0.0,Inf,1,true,selective_gate
147.1,55.7,8.0,60.0,95.0,true,false,false,0,true,false,0.947068,0.0,0.294945,0.0,1.24201,0.947068,1.18929,1.0,0.762527,0.0,Inf,1,true,selective_gate
147.1,66.86,8.0,60.0,95.0,true,true,false,1,true,false,0.947068,0.665055,0.294945,0.0,1.90707,0.947068,1.18929,0.440796,0.49661,0.412534,1.42404,1,true,over_retentive
147.1,80.25,8.0,60.0,95.0,true,true,false,1,true,false,0.947068,0.665055,0.294945,0.0,1.90707,0.947068,1.18929,0.440796,0.49661,0.412534,1.42404,1,true,over_retentive
147.1,96.32,8.0,60.0,95.0,true,true,true,2,true,false,0.947068,1.18929,0.294945,0.0,2.4313,0.947068,1.18929,0.0,0.389531,0.55669,0.796332,1,true,over_retentive
147.1,115.6,8.0,60.0,95.0,true,true,true,2,true,false,0.947068,1.18929,0.294945,0.0,2.4313,0.947068,1.18929,0.0,0.389531,0.55669,0.796332,1,true,over_retentive
147.1,138.8,8.0,60.0,95.0,true,true,true,2,true,false,0.947068,1.18929,0.294945,0.0,2.4313,0.947068,1.18929,0.0,0.389531,0.55669,0.796332,1,true,over_retentive
147.1,166.6,8.0,60.0,95.0,true,true,true,2,true,true,0.947068,1.18929,0.294945,0.324628,2.75593,0.947068,1.18929,0.0,0.343647,0.55669,0.796332,1,true,over_retentive
147.1,199.9,8.0,60.0,95.0,true,true,true,2,true,true,0.947068,1.18929,0.294945,0.324628,2.75593,0.947068,1.18929,0.0,0.343647,0.55669,0.796332,1,true,over_retentive
147.1,240.0,8.0,60.0,95.0,true,true,true,2,true,true,0.947068,1.18929,0.294945,0.324628,2.75593,0.947068,1.18929,0.0,0.343647,0.55669,0.796332,1,true,over_retentive
186.5,3.0,8.0,60.0,95.0,false,false,false,0,true,false,0.0,0.0,0.296005,0.0,0.296005,0.958012,1.32577,1.0,0.0,0.0,NaN,2,false,window_clipped
186.5,3.601,8.0,60.0,95.0,false,false,false,0,true,false,0.0,0.0,0.296005,0.0,0.296005,0.958012,1.32577,1.0,0.0,0.0,NaN,2,false,window_clipped
186.5,4.322,8.0,60.0,95.0,false,false,false,0,true,false,0.0,0.0,0.296005,0.0,0.296005,0.958012,1.32577,1.0,0.0,0.0,NaN,2,false,window_clipped
186.5,5.188,8.0,60.0,95.0,false,false,false,0,true,false,0.0,0.0,0.296005,0.0,0.296005,0.958012,1.32577,1.0,0.0,0.0,NaN,2,false,window_clipped
186.5,6.227,8.0,60.0,95.0,false,false,false,0,true,false,0.0,0.0,0.296005,0.0,0.296005,0.958012,1.32577,1.0,0.0,0.0,NaN,2,false,window_clipped
186.5,7.475,8.0,60.0,95.0,false,false,false,0,true,false,0.0,0.0,0.296005,0.0,0.296005,0.958012,1.32577,1.0,0.0,0.0,NaN,2,false,window_clipped
186.5,8.972,8.0,60.0,95.0,true,false,false,0,true,false,0.958012,0.0,0.296005,0.0,1.25402,0.958012,1.32577,1.0,0.763954,0.0,Inf,1,true,selective_gate
186.5,10.77,8.0,60.0,95.0,true,false,false,0,true,false,0.958012,0.0,0.296005,0.0,1.25402,0.958012,1.32577,1.0,0.763954,0.0,Inf,1,true,selective_gate
186.5,12.93,8.0,60.0,95.0,true,false,false,0,true,false,0.958012,0.0,0.296005,0.0,1.25402,0.958012,1.32577,1.0,0.763954,0.0,Inf,1,true,selective_gate
186.5,15.52,8.0,60.0,95.0,true,false,false,0,true,false,0.958012,0.0,0.296005,0.0,1.25402,0.958012,1.32577,1.0,0.763954,0.0,Inf,1,true,selective_gate
186.5,18.62,8.0,60.0,95.0,true,false,false,0,true,false,0.958012,0.0,0.296005,0.0,1.25402,0.958012,1.32577,1.0,0.763954,0.0,Inf,1,true,selective_gate
186.5,22.35,8.0,60.0,95.0,true,false,false,0,true,false,0.958012,0.0,0.296005,0.0,1.25402,0.958012,1.32577,1.0,0.763954,0.0,Inf,1,true,selective_gate
186.5,26.83,8.0,60.0,95.0,true,false,false,0,true,false,0.958012,0.0,0.296005,0.0,1.25402,0.958012,1.32577,1.0,0.763954,0.0,Inf,1,true,selective_gate
186.5,32.21,8.0,60.0,95.0,true,false,false,0,true,false,0.958012,0.0,0.296005,0.0,1.25402,0.958012,1.32577,1.0,0.763954,0.0,Inf,1,true,selective_gate
186.5,38.66,8.0,60.0,95.0,true,false,false,0,true,false,0.958012,0.0,0.296005,0.0,1.25402,0.958012,1.32577,1.0,0.763954,0.0,Inf,1,true,selective_gate
186.5,46.4,8.0,60.0,95.0,true,false,false,0,true,false,0.958012,0.0,0.296005,0.0,1.25402,0.958012,1.32577,1.0,0.763954,0.0,Inf,1,true,selective_gate
186.5,55.7,8.0,60.0,95.0,true,false,false,0,true,false,0.958012,0.0,0.296005,0.0,1.25402,0.958012,1.32577,1.0,0.763954,0.0,Inf,1,true,selective_gate
186.5,66.86,8.0,60.0,95.0,true,true,false,1,true,false,0.958012,0.724904,0.296005,0.0,1.97892,0.958012,1.32577,0.45322,0.484108,0.430743,1.32157,1,true,over_retentive
186.5,80.25,8.0,60.0,95.0,true,true,false,1,true,false,0.958012,0.724904,0.296005,0.0,1.97892,0.958012,1.32577,0.45322,0.484108,0.430743,1.32157,1,true,over_retentive
186.5,96.32,8.0,60.0,95.0,true,true,true,2,true,false,0.958012,1.32577,0.296005,0.0,2.57979,0.958012,1.32577,0.0,0.371353,0.580515,0.722608,1,true,over_retentive
186.5,115.6,8.0,60.0,95.0,true,true,true,2,true,false,0.958012,1.32577,0.296005,0.0,2.57979,0.958012,1.32577,0.0,0.371353,0.580515,0.722608,1,true,over_retentive
186.5,138.8,8.0,60.0,95.0,true,true,true,2,true,false,0.958012,1.32577,0.296005,0.0,2.57979,0.958012,1.32577,0.0,0.371353,0.580515,0.722608,1,true,over_retentive
186.5,166.6,8.0,60.0,95.0,true,true,true,2,true,true,0.958012,1.32577,0.296005,0.402665,2.98245,0.958012,1.32577,0.0,0.321216,0.580515,0.722608,1,true,over_retentive
186.5,199.9,8.0,60.0,95.0,true,true,true,2,true,true,0.958012,1.32577,0.296005,0.402665,2.98245,0.958012,1.32577,0.0,0.321216,0.580515,0.722608,1,true,over_retentive
186.5,240.0,8.0,60.0,95.0,true,true,true,2,true,true,0.958012,1.32577,0.296005,0.402665,2.98245,0.958012,1.32577,0.0,0.321216,0.580515,0.722608,1,true,over_retentive
236.5,3.0,8.0,60.0,95.0,false,false,false,0,true,false,0.0,0.0,0.296845,0.0,0.296845,0.966739,1.44511,1.0,0.0,0.0,NaN,2,false,window_clipped
236.5,3.601,8.0,60.0,95.0,false,false,false,0,true,false,0.0,0.0,0.296845,0.0,0.296845,0.966739,1.44511,1.0,0.0,0.0,NaN,2,false,window_clipped
236.5,4.322,8.0,60.0,95.0,false,false,false,0,true,false,0.0,0.0,0.296845,0.0,0.296845,0.966739,1.44511,1.0,0.0,0.0,NaN,2,false,window_clipped
236.5,5.188,8.0,60.0,95.0,false,false,false,0,true,false,0.0,0.0,0.296845,0.0,0.296845,0.966739,1.44511,1.0,0.0,0.0,NaN,2,false,window_clipped
236.5,6.227,8.0,60.0,95.0,false,false,false,0,true,false,0.0,0.0,0.296845,0.0,0.296845,0.966739,1.44511,1.0,0.0,0.0,NaN,2,false,window_clipped
236.5,7.475,8.0,60.0,95.0,false,false,false,0,true,false,0.0,0.0,0.296845,0.0,0.296845,0.966739,1.44511,1.0,0.0,0.0,NaN,2,false,window_clipped
236.5,8.972,8.0,60.0,95.0,true,false,false,0,true,false,0.966739,0.0,0.296845,0.0,1.26358,0.966739,1.44511,1.0,0.765077,0.0,Inf,1,true,selective_gate
236.5,10.77,8.0,60.0,95.0,true,false,false,0,true,false,0.966739,0.0,0.296845,0.0,1.26358,0.966739,1.44511,1.0,0.765077,0.0,Inf,1,true,selective_gate
236.5,12.93,8.0,60.0,95.0,true,false,false,0,true,false,0.966739,0.0,0.296845,0.0,1.26358,0.966739,1.44511,1.0,0.765077,0.0,Inf,1,true,selective_gate
236.5,15.52,8.0,60.0,95.0,true,false,false,0,true,false,0.966739,0.0,0.296845,0.0,1.26358,0.966739,1.44511,1.0,0.765077,0.0,Inf,1,true,selective_gate
236.5,18.62,8.0,60.0,95.0,true,false,false,0,true,false,0.966739,0.0,0.296845,0.0,1.26358,0.966739,1.44511,1.0,0.765077,0.0,Inf,1,true,selective_gate
236.5,22.35,8.0,60.0,95.0,true,false,false,0,true,false,0.966739,0.0,0.296845,0.0,1.26358,0.966739,1.44511,1.0,0.765077,0.0,Inf,1,true,selective_gate
236.5,26.83,8.0,60.0,95.0,true,false,false,0,true,false,0.966739,0.0,0.296845,0.0,1.26358,0.966739,1.44511,1.0,0.765077,0.0,Inf,1,true,selective_gate
236.5,32.21,8.0,60.0,95.0,true,false,false,0,true,false,0.966739,0.0,0.296845,0.0,1.26358,0.966739,1.44511,1.0,0.765077,0.0,Inf,1,true,selective_gate
236.5,38.66,8.0,60.0,95.0,true,false,false,0,true,false,0.966739,0.0,0.296845,0.0,1.26358,0.966739,1.44511,1.0,0.765077,0.0,Inf,1,true,selective_gate
236.5,46.4,8.0,60.0,95.0,true,false,false,0,true,false,0.966739,0.0,0.296845,0.0,1.26358,0.966739,1.44511,1.0,0.765077,0.0,Inf,1,true,selective_gate
236.5,55.7,8.0,60.0,95.0,true,false,false,0,true,false,0.966739,0.0,0.296845,0.0,1.26358,0.966739,1.44511,1.0,0.765077,0.0,Inf,1,true,selective_gate
236.5,66.86,8.0,60.0,95.0,true,true,false,1,true,false,0.966739,0.775925,0.296845,0.0,2.03951,0.966739,1.44511,0.46307,0.474006,0.445252,1.24592,1,true,over_retentive
236.5,80.25,8.0,60.0,95.0,true,true,false,1,true,false,0.966739,0.775925,0.296845,0.0,2.03951,0.966739,1.44511,0.46307,0.474006,0.445252,1.24592,1,true,over_retentive
236.5,96.32,8.0,60.0,95.0,true,true,true,2,true,false,0.966739,1.44511,0.296845,0.0,2.7087,0.966739,1.44511,0.0,0.356902,0.599171,0.668972,1,true,over_retentive
236.5,115.6,8.0,60.0,95.0,true,true,true,2,true,false,0.966739,1.44511,0.296845,0.0,2.7087,0.966739,1.44511,0.0,0.356902,0.599171,0.668972,1,true,over_retentive
236.5,138.8,8.0,60.0,95.0,true,true,true,2,true,false,0.966739,1.44511,0.296845,0.0,2.7087,0.966739,1.44511,0.0,0.356902,0.599171,0.668972,1,true,over_retentive
236.5,166.6,8.0,60.0,95.0,true,true,true,2,true,true,0.966739,1.44511,0.296845,0.4773,3.186,0.966739,1.44511,0.0,0.303434,0.599171,0.668972,1,true,over_retentive
236.5,199.9,8.0,60.0,95.0,true,true,true,2,true,true,0.966739,1.44511,0.296845,0.4773,3.186,0.966739,1.44511,0.0,0.303434,0.599171,0.668972,1,true,over_retentive
236.5,240.0,8.0,60.0,95.0,true,true,true,2,true,true,0.966739,1.44511,0.296845,0.4773,3.186,0.966739,1.44511,0.0,0.303434,0.599171,0.668972,1,true,over_retentive
300.0,3.0,8.0,60.0,95.0,false,false,false,0,true,false,0.0,0.0,0.29751,0.0,0.29751,0.973686,1.5473,1.0,0.0,0.0,NaN,2,false,window_clipped
300.0,3.601,8.0,60.0,95.0,false,false,false,0,true,false,0.0,0.0,0.29751,0.0,0.29751,0.973686,1.5473,1.0,0.0,0.0,NaN,2,false,window_clipped
300.0,4.322,8.0,60.0,95.0,false,false,false,0,true,false,0.0,0.0,0.29751,0.0,0.29751,0.973686,1.5473,1.0,0.0,0.0,NaN,2,false,window_clipped
300.0,5.188,8.0,60.0,95.0,false,false,false,0,true,false,0.0,0.0,0.29751,0.0,0.29751,0.973686,1.5473,1.0,0.0,0.0,NaN,2,false,window_clipped
300.0,6.227,8.0,60.0,95.0,false,false,false,0,true,false,0.0,0.0,0.29751,0.0,0.29751,0.973686,1.5473,1.0,0.0,0.0,NaN,2,false,window_clipped
300.0,7.475,8.0,60.0,95.0,false,false,false,0,true,false,0.0,0.0,0.29751,0.0,0.29751,0.973686,1.5473,1.0,0.0,0.0,NaN,2,false,window_clipped
300.0,8.972,8.0,60.0,95.0,true,false,false,0,true,false,0.973686,0.0,0.29751,0.0,1.2712,0.973686,1.5473,1.0,0.76596,0.0,Inf,1,true,selective_gate
300.0,10.77,8.0,60.0,95.0,true,false,false,0,true,false,0.973686,0.0,0.29751,0.0,1.2712,0.973686,1.5473,1.0,0.76596,0.0,Inf,1,true,selective_gate
300.0,12.93,8.0,60.0,95.0,true,false,false,0,true,false,0.973686,0.0,0.29751,0.0,1.2712,0.973686,1.5473,1.0,0.76596,0.0,Inf,1,true,selective_gate
300.0,15.52,8.0,60.0,95.0,true,false,false,0,true,false,0.973686,0.0,0.29751,0.0,1.2712,0.973686,1.5473,1.0,0.76596,0.0,Inf,1,true,selective_gate
300.0,18.62,8.0,60.0,95.0,true,false,false,0,true,false,0.973686,0.0,0.29751,0.0,1.2712,0.973686,1.5473,1.0,0.76596,0.0,Inf,1,true,selective_gate
300.0,22.35,8.0,60.0,95.0,true,false,false,0,true,false,0.973686,0.0,0.29751,0.0,1.2712,0.973686,1.5473,1.0,0.76596,0.0,Inf,1,true,selective_gate
300.0,26.83,8.0,60.0,95.0,true,false,false,0,true,false,0.973686,0.0,0.29751,0.0,1.2712,0.973686,1.5473,1.0,0.76596,0.0,Inf,1,true,selective_gate
300.0,32.21,8.0,60.0,95.0,true,false,false,0,true,false,0.973686,0.0,0.29751,0.0,1.2712,0.973686,1.5473,1.0,0.76596,0.0,Inf,1,true,selective_gate
300.0,38.66,8.0,60.0,95.0,true,false,false,0,true,false,0.973686,0.0,0.29751,0.0,1.2712,0.973686,1.5473,1.0,0.76596,0.0,Inf,1,true,selective_gate
300.0,46.4,8.0,60.0,95.0,true,false,false,0,true,false,0.973686,0.0,0.29751,0.0,1.2712,0.973686,1.5473,1.0,0.76596,0.0,Inf,1,true,selective_gate
300.0,55.7,8.0,60.0,95.0,true,false,false,0,true,false,0.973686,0.0,0.29751,0.0,1.2712,0.973686,1.5473,1.0,0.76596,0.0,Inf,1,true,selective_gate
300.0,66.86,8.0,60.0,95.0,true,true,false,1,true,false,0.973686,0.818731,0.29751,0.0,2.08993,0.973686,1.5473,0.470866,0.465895,0.456775,1.18926,1,true,over_retentive
300.0,80.25,8.0,60.0,95.0,true,true,false,1,true,false,0.973686,0.818731,0.29751,0.0,2.08993,0.973686,1.5473,0.470866,0.465895,0.456775,1.18926,1,true,over_retentive
300.0,96.32,8.0,60.0,95.0,true,true,true,2,true,false,0.973686,1.5473,0.29751,0.0,2.8185,0.973686,1.5473,0.0,0.345462,0.613768,0.629279,1,true,over_retentive
300.0,115.6,8.0,60.0,95.0,true,true,true,2,true,false,0.973686,1.5473,0.29751,0.0,2.8185,0.973686,1.5473,0.0,0.345462,0.613768,0.629279,1,true,over_retentive
300.0,138.8,8.0,60.0,95.0,true,true,true,2,true,false,0.973686,1.5473,0.29751,0.0,2.8185,0.973686,1.5473,0.0,0.345462,0.613768,0.629279,1,true,over_retentive
300.0,166.6,8.0,60.0,95.0,true,true,true,2,true,true,0.973686,1.5473,0.29751,0.545878,3.36438,0.973686,1.5473,0.0,0.28941,0.613768,0.629279,1,true,over_retentive
300.0,199.9,8.0,60.0,95.0,true,true,true,2,true,true,0.973686,1.5473,0.29751,0.545878,3.36438,0.973686,1.5473,0.0,0.28941,0.613768,0.629279,1,true,over_retentive
300.0,240.0,8.0,60.0,95.0,true,true,true,2,true,true,0.973686,1.5473,0.29751,0.545878,3.36438,0.973686,1.5473,0.0,0.28941,0.613768,0.629279,1,true,over_retentive
